Punto_Interes,Cantidad_Viajes
Oxxo,977
7-Eleven,562
BBVA,477
HSBC,449
La Casa de Las Enchiladas (Lago Alberto),447
Inbursa,446
Olivo,446
La Comer,444
Suburbia,437
La Flor de Jamaica,396
Los Arcos,391
Donkin' Donnuts,383
Gino's Insurgentes,379
Casa de Pepe,372
Tere Cazola,364
KFC,349
Cambalache,331
CE-420 María Luz Bringas-Oso,307
Office Depot,203
Green Grass,190
Starbucks,183
Santander,171
Scotiabank,156
Banamex,156
Banorte,136
Consultorio dental,135
Chilli's,119
BBVA Bancomer,103
Sanborns,90
Munchies,87
Fralugio distribuidor electrónica,84
Minisuper "La Guadalupana II",83
Professional Cycling,83
Farmacias Similares,82
Estética "LEAFAR",81
Cinemex Galerías Insurgentes,80
"Los sabores de México",74
Taquería "El Sismo",74
Cocina económica "El zarape",74
Mariscos "Margarito",73
Benavides,66
AT&T,65
CE-421 María Luz Bringas-Oso,65
Carl's Jr.,64
Sushiitto,60
Chili's,58
Toks,58
Gandhi,57
Sportium,53
El Ocho_Cafe recreativo,52
Vips,52
Restaurante La Mansión,52
Stoa,52
Farmacias del Ahorro,51
Consultorio Medico,51
Centro Cultural Zapata STUNAM,51
Cinemex Universidad,49
Bodega Aurrera Express,48
King's Pub,46
Burger King,46
Pablo el Erizo,46
Centro de Creación Literaria Xavier Villaurrutia,46
Restaurante Bar Nuevo León,44
Mojito Room,44
Cinemex Manacar,43
Karma Bagels,42
Bonito (Barragán design),42
Domino's,42
Hotel Parque México Suites,42
Taqueria El Greco,42
Carnitas "El Puente",41
Bonito,41
Cielito Querido,41
Phoenix,41
Which Wich?,40
Consultorio Dental Sin Nombre,40
¡El Aserrín!,40
Makena,38
Peralta,37
McDonald's,33
50 Friends,32
Sushi Roll,32
Moshi Moshi,32
Calligaris,32
Centro Educativo Winnie Pooh,31
Elektra,31
Telcel,30
Dentista,28
Subway,27
Bodega Aurrera,25
Alas Crepas,23
Jardin De Niños Margarita Estebane Salas,22
Wingstop,22
Bancomer,21
Consultorio médico,20
Sears,20
El Jekemir,20
Cortes Recreo,20
Walmart Express,19
El Globo,19
La Deliciosa,19
Comercial Mexicana,18
La Casa de Toño,18
Circle K,18
oxxo Torres de potrero,18
Tarasquito,18
Little Caesars,17
Hooters,17
Dentalia,17
El Conejo,17
Flexi,16
Cafebrería El Péndulo,16
Coppel,16
Casa Mary unifor.,16
Pizza Hut,16
Banco Azteca,15
caseta de policía,15
Tablaroca Del Sur Panel Rey,15
Tacos Hola,15
Pegaso,15
Herramura,15
Nissan,15
UNIVDEP,15
Casa de la Tía Yeya,14
El Bajío,14
FlowSuites Condesa,14
Colegio Cio de México,14
San Pablo,14
El Indio taquero,14
El Globo Parroquia,14
Sports World,14
Galibier Cycling House,14
DHL,14
La Papelería del Barrio,14
Caradura,14
Instituto Nacional Para La Educacion De Los Adultos,13
Neto Lomas De La Hera,13
Tagore Rabindranath,13
Jardin De Niños Manuel Cervantes Imaz,13
El planeta,13
Consultorio General De Farmacias Genericos Y Similares,13
Panamericana de manejo,13
mercado gascazonica,13
Soriana,12
escuela primaria,12
Centro Holistico Leo,12
Lavados y Planchados S.A.,12
Escuela primaria Rabindranath Tagore,12
Aduana Cucapá,12
CAPA,12
Centro Comunitario Los Vergeles,12
EcoBici Recreo-Parroquia,12
Casa De Materiales Ornelas,12
Centro Dermatologico,12
Los Güeros del Ajusco,12
Le Pain Quotidien,11
Jardin De Niños Samuel Ramos,11
Clinica Dental San Judas Tadeo,11
Coffee House,11
Super City,11
Fabricas de Francia,11
Waldo's,11
Desperdicios Industriales,11
Ecobici Reforma / Río Rhin,11
Bokenka,10
Primaria Simitrio Ramirez Zona Escolar 334,10
El Torito,10
Central 10 Steak House,10
La Esperanza,10
Farmacia San Pablo,10
Old Navy,10
Nescafé,10
A Pico y Espolon,10
Prime & Wine,10
EcoBici Oso-Félix Cuevas,10
Neto,10
Farmacia Guadalajara,10
K,10
Pane en Vía,10
Waldo´s,10
Instituto Malher Kinder,10
Farmatodo,10
Dentix,10
Papa John's,10
EcoBici Santander-Félix Cuevas,10
Pepes,10
Santander ATM,10
Tomás Té - Condesa,10
La Tregua,10
Saudade Brazil,10
Puro Amor,10
Escuela Primaria Jacinto Canek Turno Matutino Cct 09dpr1863z,9
Gascasonica,9
Editorial y librería Herder,9
La Generosa,9
Casi San Bernabe,9
Clínica dental Quali Dent,9
Carl´s Jr.,9
Similares,9
Churrería El Moro,9
La Rural,9
Max Prime,9
Ecobici Reforma / Havre,9
Ramón Corona,9
Porrúa,9
Antonio Rosales,9
Renault,9
Ecobici Colima / Oaxaca,8
Consultorio Eclesiástico,8
BBB,8
Neto San Bernabe,8
El Fogon De Los Chintololos,8
Taller De Musica,8
Yza farmacias,8
Pizza Amore,8
Icd Fisioterapia,8
Go Mart,8
Emigrante Libanes,8
Chedraui,8
Pastelería la Universal,8
Benedetti´s Pizza,8
Cck Adolfo Prieto,8
Banco del Bienestar,8
Konditori,8
Juncal Tablao Flamenco,8
Los Coyotes,8
Gino's,8
Wings,8
Bodega Comercial Mexicana Azcapotzalco,8
City Express Buenavista,8
Estancia Infantil Reus,8
México,8
Podologia Integral,8
Lecaroz,8
El Porton,8
Ricas Tortas,7
Ecobici Durango / Sonora,7
Tierra Garat Café,7
Clinica primer contacto vista hermosa,7
Compra Venta De Metales Sin Nombre,7
Texas Ribs,7
Superama,7
Embajada de Japón,7
Esperanza,7
CE-668 Plateros - Capuchinas, Benito Juárez, CDMX,7
Relámpago Café,7
Forum Buenavista,7
Fedex,7
Teatro Hipódromo Condesa,7
Simón Bolivar,7
LIV La Roma,7
El Gallito,7
Materiales El Rumbo De Michoacan,7
El Charco de las Ranas,7
Pad Thai,7
Farmacia Capuchinas,7
Unidad de Medicina Familiar 23 Unidad Morelos,7
Unidad De Diagnostico Y Especialidades Medicas,7
PILARES La Higuera,7
Farmacias Especializadas,7
Especializadas,7
Jardin De Niños Spring Hill,7
Luna de Plata,7
La Chinampa,7
Los Chinos,7
Isaac,7
Santory,7
Extra,7
La vie en Rose,7
La Única,7
Pata Negra,7
CIBanco,7
Centro Hospitalario Sanatorio Durango,7
Centro Educativo Angie,7
La Victoria,7
Comité Vecinal Torres Del Potrero,7
Bisquets Obregón,7
Consultorio De Medicina Especializada Sin Nombre,6
Farmacia Similares,6
Módulo De Policía,6
H&M,6
Santa Clara,6
Julio,6
Chilakiller's,6
Clinica Del Carmen,6
Colegio De Estimulación Para El Desarrollo Integral,6
Fiebre de Malta,6
Porrua,6
Estafeta,6
Ecobici,6
La Gatorta,6
Citibank,6
Jardin De Niños Julian Adem,6
Centro de Documentación Francisco Gamoneda,6
Consultorio Medico Medicina Del Deporte,6
Toxic,6
FedEx Centro de Envío,6
Aquamatic,6
Sanatorio Durango,6
Ecobici José María Pino Suárez / Corregidora,6
Taquería Tlaquepaque,6
Ecobici Nuevo León / Quintana Roo,6
BanBajío,6
Trok's torta,6
Consultorio De Psicologia,6
Ostionería La Playa,6
Pollo Feliz,6
Consultorio Dental Castañeda,6
La Pasadita,6
Escuela Secundaria Diurna 279,6
Moda,6
La Cebolla Morada,6
C&A,6
Los Tacos,6
Museo Salón de Cabildos,6
Vapiano,6
Adidas,6
Dental Health,6
Azecta,6
Oxxo San Nicolas,6
Tortas Tavo,6
Quick Learning,6
VW San Ángel,6
Podologia Integralpodiasa,6
Peth Sin Nombre,6
P.F. Chang's,5
Ecobici #262 República de Cuba - República de Brasil,5
La Lavanderia,5
Cinemex Tezontle,5
La Michoacana,5
Multi farmacias,5
Unidad de Medicina Familiar 42 Cuajimalpa,5
Monona Roma,5
Neto Cuajimalpa,5
Cinépolis Oasis Coyoacán,5
Sandra,5
Ecobici Nuevo León / Laredo,5
Sanborns Café,5
Maison Kayser,5
Raiz,5
Pollos asados,5
Sumesa,5
Comida China,5
Taquería Pocho,5
Cielito Lindo,5
Olive Garden,5
Tierra Garat,5
B Store Pilares,5
Quentin,5
Café Jeke Emir,5
Farmacia de la Rosa,5
Santo Domingo,5
Charly,5
Premium Bike,5
Vancouver Wings,5
Aldo,5
Street-art,5
Sala Corona,5
El Portón,5
taqueria,5
La Casa de la Yeya,5
Toyota Fame Pedregal,5
Ecobici San Jerónimo / José María Pino Suarez,5
Domingo Santo Café,5
Taquearte,5
Café China III,5
Profesor Onofre Melendez B,5
Hotel California,5
Tienda de abarrotes,5
Centro Vlady,5
Escuela Primaria Xicotencatl Turno Vespertino,5
Hermenegildo Galeana,5
Sushitto,5
El Farolito,5
Super tacos de guisado,5
Embajada de Venezuela,5
Taquería El Negro,5
El Auténtico Pato Manila,5
farmacia del ahorro,5
Italian Taco,5
Kinder Colegio De Estimulación Para El Desarrollo Integral,5
Jekemil Café,5
Mistika,5
Clínica Hospital 8 IMSS,5
Revolución 67,5
la chicha,5
La Clandestina,5
Colegio Greenland,5
Italiannis,5
Medident,5
Órale Arepa,5
Café La Perla,5
Ryoshi,5
Metal Home Compra De Metales,5
Italianis,5
Max Tintorería,5
La Montejo,5
Jardin De Niños Republica De Kenia,5
Francisco Zarco,5
Al Kosto importadora,5
Farmacias Mexico,5
Azul Condesa,5
Correos de México San Angel,5
Banbajo,5
Churrería Porfirio,5
Celtics Pub Irlandés Polanco,5
Citibanamex,5
Chicken-Pollo,5
Domino's Pizza,5
Creadores de Bicis,5
Cafetería Sanborns,4
Salinas & Rocha,4
Blend Station,4
Origin Bike Lab,4
La esquina argentina,4
Clean & Drive,4
Juguetron,4
CI Banco,4
Boicot Café (Metropoli Patriotismo),4
Miguel Ramos Arizpe,4
Casi Lomas Quebradas,4
Mahakian Zapatos y Mochilas,4
Helado Obscuro,4
Ecobici 5 De Mayo / Bolívar,4
Farmacias Multigenericos,4
Colegio Karol Wojtyla,4
Baby Creysi Outlet,4
Mishka Perfumería,4
Arte callejero,4
San José,4
Fuente de Mixcoac,4
+Visión,4
Copacabanito,4
Cocco Bello,4
Artemisia,4
Tlahco,4
Actividad Dance,4
Feral,4
El Huarache Loco,4
Artesanía Margot,4
El deposito,4
Consultorio Genericos Y Similares,4
Consultorío Dental,4
Zocalo Rooms,4
Converse,4
Farmacia Medimart,4
Embler,4
Alcaldía La Magdalena Contreras,4
El Depósito,4
Consultorio Morelos,4
Ecobici #222 Alejandro Dumas - Presidente Masaryk,4
La Inmaculada,4
Consultorio De Podologia,4
Ferretería del Sur,4
Cielito Querido Café,4
4-ever,4
Cipriani,4
Café de la Selva,4
Juan Antonio de la Fuente,4
Leonardo Bravo,4
Crepes & Waffles,4
Gastronómica Restimex,4
Cnci Ajusco,4
Calle Madero,4
Centro De Asistencia Social Infantil Lomas Quebradas,4
Baby Bon,4
Grand Marchand,4
Mercado de Santa Cruz Alcalpixca,4
Cinemex Patriotismo,4
Gv Chapas,4
Comida callejera mexicana,4
Casa Rosalía,4
Buffete Chino Hui,4
Barrita,4
Han'ei,4
Lunarena Turkish coffee,4
Ecobici 20 de Noviembre / Venustiano Carranza,4
La Poblanita,4
Compartamos Banco,4
La esquina del té,4
Catamundi,4
Área de Atención Ciudadana,4
Hilaria Gastrobar,4
El Triunfo III,4
Hospital Materno Infantil Magdalena Contreras,4
Los Bisquets de Obregón,4
Dek,4
Librerías Gandhi,4
Casa de Oficios / YWCA,4
Arrival Gate 4,4
Extra Tesoro,4
Estética Laura,4
Guadalupe Victoria,4
Karani Art,4
Ecobici Ernesto Pugibet / Luis Moya,4
Sala Manuel Ponce,4
Centro Comunitario Comunidad De Los Pingos,4
Izakaya Sushi,4
Farmacia Del Angel,4
Hotel Centra2,4
La Europea,4
Colegio Keppler,4
broka,4
Plaza Vizcaínas,4
Restaurante 5M,4
Krispy Kreme,4
Espacio De Belleza Ara Garcia,4
Centro De Salud Lomas De Padierna,4
Ipp,4
Ecobici Huatabampo / Av. Cuauhtémoc,4
Usaer 22,4
Raku Café,4
Pinolo,4
GoMart,4
Enfance,4
Centro De Salud T 1 Pedregal De San Nicolas Norte,4
Juarez,4
Ecobici Tonalá / Durango,4
Venus de Medicis,4
Maison Artemisia,4
Quesadillas,4
León Guzmán,4
Tacos Don Manolito,4
Bósforo,4
Jugos Canada,4
Ecobici Vicente Suárez / Michoacán,4
Pollos Ray,4
Mambo,4
Playa Sabino,4
La Nueva Sevillana,4
Teatro Morelos,4
Banco de México,4
Taquería,4
Danubio,4
La Misma Vaca,4
Óptica "Visión 20 20",4
Pan Alta Fibra,4
Lupita,4
LMP Cuauhtemoc,4
Ecobici Gobernador Ignacio Esteva / Maestro José Vasconcelos,4
Taller Serra - Joyería Artesanal & Moda Desigual,4
Banco Santander,4
La Mansion,4
Un Rincon de Chile,4
OfficeMax,4
Fiesta Inn Centro Histórico,4
La cinco de mayo,4
Ecobici República de Salvador / Pino Suárez,4
Suzuki Universidad,4
Barracuda Diner,4
Pizza Company,4
Cinemex Altavista,4
Zapatería Danielle,4
Universidad Insurgentes,4
Tacos de Canasta Los Especiales,4
Collado aceros,4
T018 Ibero,4
Antimonumento 65,4
Satoshi Sushi Bar,4
Zara,4
Take a Wok,4
Caminati,4
Shanghai Café,4
Tortas Santo Domingo,4
Silva Ramos Jose Aldalberto,4
Cck San Francisco,4
Potzollcalli Picacho,4
Venus de Milo,4
Museo Estanquillo,4
Plutarco González,4
Nieves La Michoacana,4
Ruben's Hamburgers Insurgentes,4
Pastelería Ideal,4
Pizza pizza,4
Lumen,4
Yellow Bird y Yellow Garden,3
Lila,3
CDMX,3
Taquería El Torito,3
Clara y Ema,3
Pizza del Perro Negro,3
Pepis. El museo de la hamburguesa,3
Los Hornitos,3
Waldo,3
Mara Max,3
Casa de la Cultura Jesús Romero,3
Teatro Venustiano Carranza,3
EcoBici San Francisco-Parroquia,3
PILARES San Lorenzo Atemoaya,3
Papelería Da Vinci,3
La Verita,3
Wing Station,3
Nivel 40 SkyBar,3
Casa Gálvez,3
Rosanegra Latin American Cuisine,3
Ecobici San Jerónimo / Isabel la Católica,3
Policia Auxiliar,3
Migliano Hermanos,3
Men's Fashion,3
Vegan ramen,3
Olimpica,3
Carnitas el Compadre,3
Sabores y Tradiciones de la Abuela,3
El Cuatro20,3
Quentin Cafe,3
Miralto,3
Mercado de comidas Huipulco,3
Urban Store,3
Oro Y Plata,3
Cafe de la Gran Cuidad,3
Speed Wash,3
El Mexicanito,3
Rainbowland,3
Rosi,3
Mandragora vegan,3
Taquería Tlacoteotl,3
Mercurio y Argos,3
Barra de Mar,3
Spuntino,3
El Mundo del Café,3
Orinoco,3
Pronovias,3
Mariscos Los Paisas,3
Tsubomi,3
Preescolar Casi Morelos,3
Decathlon San Ángel,3
Street food,3
EL CALIFA,3
Nails Bar,3
Rafefe,3
Motín,3
Óptica Prisma,3
Podólogos,3
Cocina India Bukhara,3
Studio F,3
Ecobici Plaza Madrid / Medellín,3
Peinados Chata,3
Ramen -ya,3
Papa Guapa,3
PILARES Chamontoya,3
Pizza Pazza,3
Centro Cultural de la SHCP,3
Zapaterías Leon,3
Dibujarte School,3
San Jacinto,3
Ticoman,3
Restaurante Lisboa,3
Materiales Para La Construcción Mendez,3
Paradigma,3
Centro De Salud TIII Dr. Ángel De La Garza Brito,3
Transvision Bike,3
Best Western Hotel Majestic,3
Salvaje Tentación,3
Tiendas 3B,3
Roble,3
Menta 65,3
Perla,3
Centro Joyero,3
Nonsolo,3
Arthur & Sons,3
Rebel Wings,3
Tintorería Panuco,3
Plaza Ermita,3
Lucely,3
Republica,3
Chillout,3
Panadería Chilpa,3
Balboa pizzería,3
Restaurante Escuela Zéfiro,3
Tintorería y planchaduría García,3
Taco fish,3
Lucky Sushi,3
Teatro de los Insurgentes,3
Kerouac,3
Centro De Reciclado,3
Abarrotes "Odín",3
Sanborn's,3
Sushi Itto,3
Taqueria Tlaquepaque,3
Museo Kaluz,3
Shake shack burgers,3
Interbike,3
Centro de Salud,3
Atípico,3
Sposa Bella,3
Taco Naco,3
Tianguis jueves,3
Renault Patriotismo,3
Signora Mariola,3
Hospital Los Ángeles Metropolitano,3
Bomberos Coacalco,3
BTM Polanco,3
La Criolla,3
Veterinaria Anzures,3
Tortas La Reforma,3
Plaza de Cantera,3
Sonora Grill,3
Hotel Ermita,3
BTM Hostel Casa Pepe,3
Bello Café,3
Librería Gustavo,3
Unidad De Educacion Especial Y Educacion Inclusiva 179,3
Tribunal Federal de Justicia Administrativa,3
Sailor's,3
Super Torta Cubanos,3
La Pinguina Mariscos,3
Cerrajero,3
Boba Fusion tea,3
Mariscos La Puri,3
El Fogoncito,3
Una burla al amor (Venus y Cupido),3
sin nombre,3
UP Store,3
Los Bisquets de Obregon Lindavista,3
Cirujano Dental Sin Nombre,3
Casa Pepe,3
Mari's Pastry,3
El pescadito,3
ISSSTE,3
Santo Gallo,3
Vagabundo cafe,3
Limantour Polanco,3
CompuDabo,3
Casa Portuguesa,3
Neto Huayatla,3
El Rincón Veracruzano,3
La Casa Del Pastor,3
Tacos,3
Tribunal de Justicia Administrativa de la Ciudad de México,3
La Rua,3
El Palenquito,3
Hotel Ritz,3
Numancia Maletas,3
Escor,3
La Cocina de San Juan,3
Leo Fabio,3
Unidad De Servicio De Apoyo A La Educacion Regular Usaer -18,3
Farmacias.Medicor - homeopatía,3
Desayunos Hollywood,3
Ilusión,3
Mercado El Pescadito,3
Liz minelli,3
La Casa de los Abuelos,3
La juanita,3
YamamaY,3
Frutería Esperanza,3
Delicia - Dulces y pan,3
Invernadero Ebenezer,3
Moyo,3
Kinky Bar,3
Delirio,3
La Petite Crêpe,3
Villa Rica,3
Fifty Mils,3
Farmamedics,3
Izlah,3
Muebles Dico,3
La Chilanguita,3
Ecobici Lago Tanganica / Av. Ejército Nacional,3
La Piedra Cantina Artesanal,3
Benedettis Pizza,3
Ecobici Observatorio Oriente / Revolución,3
Fiesta Inn Insurgentes Sur,3
Hospital Medex,3
mujer revolucionaria,3
Limbo Karate Do,3
Ecobici Mérida / Antonio M. Anza,3
Italianni's,3
Café Punto del Cielo,3
El David,3
Fonda Godínez,3
Hostel Amigo Suites,3
Tienda 3B,3
La Cruz,3
Ecobici Reforma / Río Mississippi,3
Josélo Café,3
Casa del libro,3
El Rey De Los Mariscos,3
Fonda Santa Rita,3
Fonda Doña Blanca,3
Toallas Josefina,3
IceBar,3
El Hostal de los Quesos,3
Krispy Kreeme,3
Casa Churra,3
Escuela Mexicana de Cocina,3
Estatua del General Vicente Guerrero,3
Madonna's Pizza,3
Svengali,3
Ikaya Sushi,3
elhuequito,3
La Buena Barra,3
100 Montaditos,3
Escuela Secundaria Diurna N° 10 "Leopoldo Ayala",3
Estética Las Amigas,3
Las Cervezas Modelo En La Zona Metropolitana Sa De Cv,3
Tacos fonda argentina,3
Jin San Shabu Shabu,3
Famsa,3
La Casa de Las Enchiladas (Tokio),3
Consultorio Dental Estudio Dental K,3
Sala Sonari,3
Embajada de Egipto,3
Los Gueros de Boturini,3
Tacos Los Cocuyos,3
Ariosto,3
El Rey Del Cafe,3
Escuela secundaria,3
Cofee West,3
Rosticería & Tortillería,3
Huan Chon,3
Lolena Zapaterias,3
Súper Miranda,3
Antojitos El Pelón,3
Centro Castellano,3
El Haurache Veloz,3
Centro odontológico de ortodiagnóstico,3
Sliders Burger Shop,3
La joven de Amajac,3
La Secina,3
Sur Azul,3
Abarrotes Ofe,3
Cielito,3
El Popular,3
El Nuevo Mundo,3
Unidad de educación especial inclusiva 202 UDEEI,3
Lago,3
La Selecta,3
Vegetariano Lindavista,3
Avis,3
Cuarto Piso,3
Farmaia Pharmacóm,3
El Cardenal,3
Parque Molinos,3
Klein's,3
La Miniatura,3
Taqueria las,3
Barra Blanca Pulqueria,3
Da Silva,3
Felix,3
Ecobici Reforma / Ramírez,3
Perros & Burros,3
Los Vegetarianos,3
La Naval,3
Escuela Primaria Doctor Nabor Carrillo Flores Ctt 09dpr2951z,3
Barrio Warrior,3
Consultorio de medicina especializada,3
Ferretería Junco,3
Fonda Mayora,3
V Ramen,3
Lvsitano,3
Kubus Lindavista,3
Esteban Coronado,3
Casa de los Azulejos,3
Coox Hanal,3
Finca Kafeto,3
Fonda mi lupita,3
Willy Álvarez,3
Mac'Ma,3
The Capital Grille,3
Estetica,3
Brick Cubes,3
Comedor Jacinta,3
Gaia,3
Farmacia de Similares,3
Buffalo Wild Wings,3
Magnolia Bakery,3
Udeei Unidad De Especial Y Educacion Inclusiva,3
G&G comida urbana,3
Casa Turrent - Cigar Lounge,3
7repair,3
Hotel Azores,3
Escuela Primaria Madre Mexicana,3
Creciente,3
Camino a Comala,3
Vecchio Fascino,3
Giouco,3
Crown,3
Axolotl,3
Capri,3
Ferretería Extar,3
Dabo,3
Cafe Medellin,3
Vecinos Osteria,3
Fisher's,3
Day Light Salads,3
Guardería 003,3
Carnicería Santa María,3
Flor de Viento Health Food,3
Decathlon,3
Hosteria La Bota,3
Zentlaplatl,3
High Life,3
Del Mar,3
Hotel & Villas Patriotismo,3
Centro de Salud T-lll Dr. Atanasio Garza Rios,3
Herramientas y tornillos universales,3
Ecobici Reforma / Estocolmo,3
Hotel Hot,3
Wendy's,3
Hotel de Cortés,3
CECY,3
India Town,3
Bodegas Alianza,3
Insurgentes Sur,3
Taqueria Lomax,3
Infiniti Polanco,3
Cabaretito Fusión,3
Jardin De Niños Casi Huayatla,3
Teatro Bar El Vicio,3
La embajda Jarocha,3
Banco Multiva,3
Jaciel,3
Smoking's Elegans,3
La Barata,3
Bellopuerto,3
La invencible,3
Sonora Taco Steak,3
La Posta,3
El Campirano,3
Ecobici Gobernador Rafael Rebollar / Gobernador Vicente Eguía,3
Stradivarius,3
Ecobici Álvaro Obregón / Medellin,3
Ecobici Tamaulipas / Francisco Murguía,3
Ecobici Jalapa / Puebla,3
Mini Super,3
Dentista Franco,3
El 9 de Isabel,3
Consultorio Dental 27,3
Monumento a la Mexicanidad,3
Comida La Abuela,3
CompuInglés,3
Confetti,3
Monumento al Mestizaje,3
Consultorio Comunitario,3
Claudio Pollos,3
Cocina central 1812,3
Nevería Roxy,3
Cinemex,3
Cafetería Azul de Coyoacán,3
Centro De Evaluacion Camacho Extreme,3
Nuvo sushi,3
Centro de salud T-III San Francisco Culhuacán,3
Chaneke,3
Abarrotes "Paty",3
Peluqueria Fresno,3
Boicot Café Polanco,3
Neurólogo - Neurologist,3
brassi,3
Quebracho,3
Carnicería "La Super",3
Mercado de Jamaica,3
Potzolcalli,3
Lumen Papelería,2
Wings Army,2
La Jaliscience,2
Cilegio del Alba,2
Bordados del Ecuador,2
Ecobici Nezahualcóyotl / Isabel la Católica,2
Carwash Deluxe Roma,2
Pulqueria Los Insurgentes,2
Margarita Maza Parada,2
Wing's Army,2
La Barbería Shop and Spa,2
Cinemex Tenayuca,2
BMW San Antonio,2
Ecobici Durango / Salamanca,2
Cantina Buenos Aires,2
punto y aparte,2
La Tizona (mariscos de carreta),2
Vittorius,2
La Belga,2
Consultorio De Otorrinolaringologia,2
Camino a Comala: Café de especialidad,2
Dulce Patria,2
Casa de mi Tita,2
Ramen-ya Rokai,2
Mercado IsabeLa,2
Veterinaria Tacuba,2
Jardín de la Triple Alianza,2
Comercio Al Por Mayor De Productos Farmaceuticos Sin Nombre,2
Cantina La Lupita,2
El Che,2
Centro De Actividad Social Infantil,2
Rancho Tollocan,2
Monumento a Francisco Zarco,2
Vidal Castañeda y Nájera,2
Joyería de la Fuente Bustillo,2
Comex,2
Carmelo,2
Dental M,2
CE-672 José María Velasco - Damas,2
Popeye Famous Louisiana Chicken,2
Mikasa,2
Tortas Hector,2
Karla,2
Coccinelle,2
Bodega La Purísima,2
Don Maderito,2
Cecati 25,2
Plácido,2
La Artesa,2
Picorete Salivón,2
L´Entrecote - Le Relais de Venise,2
El Caballito,2
Casa Fuji,2
Desperdicios Industriales Garduño,2
Cedim,2
Restaurante Shoya,2
La Vainilla,2
Pollería Camper,2
Hotel Los Cedros,2
Ecobici Nuevo León / Ozulama,2
Aeromexico,2
Dilicia,2
Brescia's,2
Rioja,2
Las Ramonas Antojitos Mexicanos,2
Polleria Luis,2
Hotel Montecarlo,2
Ecobici Oaxaca / Puebla,2
Abarrotes "Los Peques",2
Consultorio Dental Care Center,2
Cachito Mio,2
Salon de usos múltiples,2
Lety,2
Pollos,2
Hotel Rey,2
Ecobici Emilio Dondé / Av. Balderas,2
Abarrotes "Rubí",2
Costello Chef,2
Arooga's,2
Santa Coleta,2
Los Girasoles,2
Pollos Altavista,2
Hotel Roble,2
Ecobici Reforma / Praga,2
Ahumados Pelicano,2
Coyoacán,2
Bizarro café,2
Odün,2
La Espiga,2
Patita La Vaca,2
Hotel El Salvador,2
Ecobici Álvaro Obregón / Mérida,2
Al Carbon Torreon,2
Cochinita Pibil El Chel,2
Bahía Capital,2
One Ciudad de México Alameda,2
Importadora Steve Madden México,2
Ortopedia Flores,2
Gorditas Mixcoac,2
Don Capitán Del Valle,2
Arandas Taquería,2
Chito's,2
Autosafe Blindajes,2
O'Xacobeo,2
Instituto Ernest Hemingway,2
Nina Ferre,2
Gandhi Oportunidades,2
DHL Pedregal de Santo Domingo,2
Arcana Moda,2
Cinépolis Portal Churubusco,2
Banregio,2
Pakmail,2
Hair Studio Lucio,2
Pane en Via,2
Escuela Primaria Maestros Mexicanos Turno nocturno,2
Diana Cazadora,2
Bacanal,2
Centro Deportivo Marcial Kung Do Lama,2
Baveno,2
Panepis,2
HM Hamburguesas,2
Miguel Petacas,2
Expendio de Bimbo,2
Cuatro20,2
Club Hipico San Francisco,2
Burger & Joch's,2
ABurger,2
PILARES Electricistas,2
Hombre de Paz,2
Monumento a José Martí,2
Expendio de Maiz Sin Nombre,2
Deportes Badillo,2
Cnci Cuajimalpa,2
Casa Franca,2
Aùna Cafe,2
Mosquito,2
Honda Coyoacán,2
Mano Santa Mezcal, Av. Insurg,2
Escuela primaria "Profesor Cecilio Mijares Poblano",2
d'europe Coyoacán,2
Comedor comunitario Digna Ochoa,2
Bancomext,2
Actinver - Banco de Inversiones,2
Museo Casa de la Memoria Indómita,2
Hostel Amigo Suites Downtown,2
Mar Azul,2
Especialidades Medicas Estrada,2
Billar,2
Consultorio De Especialidad Dental,2
Black& White,2
American Express Centurion Club, Terminal 1,2
Naked City,2
Hotel Alpes,2
Nacional Monte de Piedad,2
Fonda Semilla de Mostaza,2
Atléticos,2
Consultorio Terapias Armonia Salud Integral,2
Angus,2
Andrea,2
Miscelanea Los Vecinos,2
Hotel Escandón,2
One,2
Finca Don Porfirio,2
Azul Histórico,2
Degú,2
Izcoatl,2
Centro macrobiotico,2
Metales Romero,2
Hotel San Diego,2
Unidad de Medicina Familiar 22 Independecia,2
Fitness Station,2
B,2
Dentsta Hernandez,2
Izcóatl,2
Clínica 4 IMSS - Ginecología y Obstetricia,2
Smart Fit,2
emporio,2
Universidad Tres Culturas,2
Fixie Bike,2
Banca Afirme,2
Café El Jarocho,2
Izziban,2
Clínica Mexicana de Autismo y Alteraciones del Desarrollo,2
Statue - Le Cadeu,2
Escuela De Manejo Soluciones,2
USA Shoes,2
Facrmacias Union,2
Baños,2
CE-507 Mar Mediterráneo - Azcapotzalco,2
Janine,2
Deportes y mochilas charly,2
Sappo,2
Estética New Line,2
Rosetta,2
Farmacia,2
Barber Shop Diamonds,2
Centro Veterinario Norte,2
Jardin Chapultepec,2
Coppel San Ángel,2
Sbarro,2
El Taquito,2
Tlaquepaque Taquería,2
Fernanda,2
Abarrotes "Las Américas",2
Cinépolis,2
KURA,2
Crisanta Cervecería Garage,2
SEP Internado No. 17 Francisco I. Madero,2
Abarrotes Super 5,2
Taquería Guerrerito,2
Ferrecalderon,2
3D,2
Cinépolis Azcapotzalco,2
José Eduardo de Cárdenas,2
Dokkoi Japan,2
Taquería Hermanos Luna,2
Esfera,2
Sushi Tako,2
Ecobici Río Guadalquivir / Río Lerma,2
Caesar's Pizza,2
El Gourmet,2
Hotel Suites Amberes,2
Doña Limpia Sopes,2
Suites Capri Reforma 410,2
Grapelli,2
Tacos Don Alex,2
Ecobici Tolsa / Balderas,2
:),2
El Surtidor,2
Hua-Yuan,2
Dryclean Mex,2
Sushi ito,2
Gregorio Méndez,2
Sarah Andersen Mural,2
ecosave .: Aire acondicionado y refrigeracion :.,2
Buen Pollo,2
El Taquito Carrillo,2
Hamburguesas Mataleón,2
Dulce Maguey,2
Vans,2
Grupo Dental Laser,2
SBUX,2
El Parnita,2
Café Murano,2
El Merito de Mar,2
Hospital Pediatrico de Azcapotzalco,2
Ecobici Marconi / Tacuba,2
Uriarte Talavera Polanco,2
Expreso Café,2
San To,2
El Tortón,2
Centro del Reloj,2
El Mexicano,2
Hotel Condesa,2
Ecobici Progreso / Astrónomos,2
Verduras y abarrotes Cabanzo,2
Constela Café,2
Pulqueria La Nuclear,2
Escuela De Ballet Sylvie Reynaud,2
CE-670 Felix Parra - Flamencos,2
El Mirador,2
La Familia,2
Ecobici Reforma / Insurgentes,2
Veganion Antojería,2
Consulta de Especialidades,2
Reciclaje,2
Ecobici Puebla / Medellín,2
Carrara,2
El Oasis Clean,2
La Terminal,2
Ecobici Reforma / Versalles,2
Universidad de la Comunicación,2
Departamento,2
Restaurante Teoixtla,2
Escuela Para Trabajadores Vito Alessio Robles 57,2
Il Ristrovo,2
El Overol,2
La Tres 40,2
Ecobici Av. Mazatlán / Alfonso Reyes,2
Tasting Room,2
DHL Dr. Galvez,2
Retromex,2
Cinemania,2
Guía de Destinos,2
Farmacia Benavides,2
los Fifis Taquerias,2
Ecobici Durango / Veracruz,2
Treze,2
Ecobici #233 Julio Verne - Luis G. Urbina,2
Estatua Miguel Hidalgo,2
Clinica SERVIMED,2
Hampton Inn,2
Estética Lamour,2
Louis Pasteur,2
La P,2
Tony Roma's,2
Ecobici San Luis Potosí / Eje 2 Pte. Monterrey,2
Estetica Unisex,2
Colegio Pedagogico Minerva,2
Helus,2
El Jarocho,2
Lux,2
Laminas y Domos,2
The Service Course Mexico,2
Ecobici Tuxpan / Tlaxcala,2
Estética Unisex,2
Cocina Mi Sazon,2
GALERIA OMR,2
El Arbolito,2
Escuela Primaria Ford 20,2
La Casa del Agua,2
Tianguis de ropa de paca,2
El Faro,2
Esquites Moliere,2
Cocoa,2
Frutería Las Fresas,2
Ecobici Reforma / Río Tiber,2
Escuela Primaria Francisco Giner de los Ríos,2
La Chiquita,2
La Aventura,2
Colegio Walden Dos,2
Farmacia Cristo Rey de Descuento,2
Churreria "El Moro" Cuauhtémoc,2
Fukusuke Udon,2
Ecobici Rosas Moreno / Sullivan,2
Elkar,2
La Casa de Las Enchiladas (Lerma),2
La Bici Urbana,2
Comercial Ferretera Ermita,2
El Tigre Silencioso,2
Centro De Desarrollo Infantil,2
El Rincón Tapatío,2
denicolas,2
El Rey del Pavo,2
Jardin De Niños Yeyetzin,2
La Burra Blanca,2
Cinépolis Miramontes,2
El Tlalpeño,2
CE-673 Miguel Noreña - José María Ibarrarán,2
Embajada de Suiza,2
Don Filomeno Mata,2
El Palacio Del Bebe,2
Javier Solís,2
La Capital,2
club social Rhodesia,2
El Polo Norte,2
Cecina de Yecapixtla,2
El Fogonazo,2
La Belle Époque,2
Farmacias YZA,2
Hound Dog,2
jazzatlan Capital,2
Colegio de Gastronomía,2
Farmacias del Dr. Simi,2
Consultorio Popular,2
El Pialadero de Guadalajara,2
La Casa de Las Enchiladas (Bajío),2
Green Corner,2
Hospital General Enrique Cabrera,2
Juan Valdez Café,2
Churrería "El Moro",2
Farmacias El Fénix,2
Cremería "Paty",2
El Sazón,2
kabuki sushi,2
Famacias Similares,2
Hospital María José,2
Jumasai Sushi,2
CETEC,2
Frontón,2
Dry Clean,2
El Sencillito,2
King,2
Farmacia San Borja,2
Gran Torre Manuel González,2
Kefre,2
Centro De Maestros De La Secretaria De Educacion Publica,2
Gazuza,2
Dulcería Don Goloso,2
Escuela Internacional de Gastronomía, SC,2
La cúpula geodésica,2
Escuela Secundaria Tecnica 45 Ignacio Manuel Altamirano,2
Gom,2
La casa del pan,2
Centro para el desarrollo de la micro y pequeña empresa.,2
Homework,2
Dunkin' Donuts,2
Farmacia ATZ,2
Izakaya KURA,2
Extra Dakota,2
Guarderia La Casita De Los Niños,2
La Central del Sur,2
Bukowski's Bar,2
Grupo Zorro Abarrotero Zje,2
Ecobici 2a Cerrada de 5 de Mayo / Palma,2
Farmacia Hidalgo,2
Instituto de Educación Media Superior Iztapalapa V,2
Taco Inn,2
Ficelle Boulangerie Patisserie,2
La Cuchara,2
Cantares Desayunos,2
La Tradición de Coyoacán,2
Coyota,2
Farmacia Hope,2
Embajada de la República Eslovaca,2
Unidad Médica: Control canino,2
Frontón Inclán,2
La Vega,2
Centro de Salud Dr. D. Orvañanos,2
La Vasconia,2
Altamirano,2
Farmacia Marzol,2
Joana,2
Vauresh,2
Garabatos,2
La Isla del Dragón,2
Casi Centro De Actividad Social Infantil San Bernabe,2
Lampuga,2
7-Eleven Tres Lagos,2
La Casa de los Trompos,2
Juan José de la Garza,2
vegannero,2
Fonda 99.99,2
La Vitrina,2
Casa del Adulto Mayor Benito Juárez,2
Lua Café,2
À la bonne franquette,2
Kumo Laboratorio de Café,2
Hospital Ángeles Dalinde,2
Venecia,2
Ferretería y sanitarios Ideal,2
La Gioconda,2
Cafe Tero,2
Luany Casual,2
Back Yard Burgers,2
Kinder Mafalda,2
Garabatos Insurgentes,2
Valencia Express,2
Escuela Secundaria Tecnica No 45 Ignacio Manuel Altarmirano,2
Marisqueria Del Valle,2
Asadero,2
Marisquería El Sazón del Golfo,2
Biblioteca Miguel Lerdo de Tejada,2
Kinder MIA,2
Frëims,2
Xtra,2
Escuela sec. Tec. 112,2
Farmacia Universal,2
Antonio León,2
La Pescadería,2
Antigua sede de La Inquisición,2
Karele Zapaterias,2
Frida Spanish Language School,2
Yakumanka,2
Escuela Secundaria 55 República del Salvador,2
Estetica Liz,2
Baco,2
La Merced,2
Cajero Bitcoin BTM,2
Kia,2
Frutas y verduras "La Esquinita",2
Tacos "Los Parientes",2
Escuela De Manejo Leones,2
Farmacia Esmeralda,2
Auditorio Adrián Gibert,2
La Casa de Toño Insurgentes Sur,2
Cajero CFE,2
Joyería Rubio,2
Hospital Regional "Lic. Adolfo López Mateos",2
Tacos Copacabana,2
Escuela Primaria Alfredo E Uruchurtu,2
El Venadito,2
Beer Garden,2
La corona Pastes,2
Carlos María de Bustamante,2
Jaleo - Bar de Tapas,2
Hospital Veterinario,2
Súper Tu Casa,2
Escuela Primaria Aurelio Hidalgo Turno Vespertino,2
Escuela Secundaría Profesor Jacinto Canek Turno Nocturno Cct 09dbs0029p,2
Pastelerías Esperanza,2
La Corte,2
Café Kulto,2
Isabella,2
Hotel del Ángel,2
Snob Bistro,2
Consultorio Imagen Dental,2
Escuela Secundaria Tecnica Ignacio Garcia Tellez,2
Pastes Kiko's,2
Hotel Astor,2
Caldos de Pollo,2
Huset,2
Hotel El Ejecutivo,2
Tintorería La Purísima,2
El Cuadrilátero,2
Escuela de la Ciudad de México,2
Niddo Café Polanco,2
La Encomienda,2
Bikes Factor,2
La feria del libro,2
Hotel Fleming,2
Taquería El Caifán,2
Ecobici Tepic / Tlacotalpan,2
Estética D'Rodrigo,2
Museo de la Policía,2
Intercontinental Presidente Chapultepec,2
BMW,2
La Gaya Scienza,2
Hotel NH,2
Teatro Benito Juárez,2
Ecoclean Obrero Mundial,2
Hombre Corriendo,2
Pabellón Cuauhtémoc,2
Cinemex Cuauhtémoc,2
Bodega Comercial Mexicana,2
La Guapachosa,2
Tacqueria Los Parados,2
Rango,2
Ecobici Río Sena / Río Balsas,2
Happy's Pizza,2
Plaza 20,2
Cinemex WTC,2
Bola de Oro,2
La Rosa,2
Yeyetzi,2
Quereres,2
El Cardenal Tacuba,2
Fournier Rousseau,2
PILARES Carmen Serdán,2
Cervecería Escollo,2
ByUnder,2
Taller De Optica,2
Tu Ceviche,2
Pulquería La Xochitl,2
Taquería Las Manzanas,2
Frankfurt,2
PILARES Lomas de Cuilotepec,2
Cantonese Restaurant,2
Yuban (bar/restaurant),2
Taisan Restaurant,2
Umai,2
Santa Leyenda,2
Trabajo de Jennyfer,2
fresko,2
Por Siempre Vegana Taquería,2
Chetito,2
Vegamo MX,2
Tallas Extra,2
Toks Zentralia Churubusco,2
Selecto Chedraui,2
Unidad de Medicina Familiar 46 Soriano,2
IHOP,2
Porsche,2
Center Lingua,2
ULA Posgrado de Ortodoncia,2
Teavana,2
Tommy Pizzas,2
Samsonite Luggage,2
Videostaff Insurgentes,2
Instituto Amadeus,2
Restaurant Sazon Oaxaqueño,2
Central 11 23,2
Trouve,2
Taquería La Negra,2
Tlapaleria Casa De Materiales,2
SAN hair & makeup,2
Vogue,2
Isaak Cambio de Imagen,2
No Bad Coffee Club,2
Daruma,2
Taco Game,2
Terraza Don Batiz,2
Tortas El Padrino,2
Restaurante Franter,2
Wallace Whisky Bar,2
Hyatt Regency,2
Reebok,2
Discóbolo,2
Taller Don Pino,2
The secret society,2
Tortas ElGuada,2
Riviere,2
Zapata,2
Hotel Único SA de CV,2
Tropico,2
Dulcería de Celaya,2
Taquería y Pozolería,2
Todo Empanadas,2
Tintorería Premier,2
Miscelánea "Isabel",2
Sushi MX,2
Hotel Naciones,2
Turquoise,2
Dorell,2
Taquerias Copacabana,2
Scappino,2
Tienda de herrajes y tlapaleria "La casa del carpintero",2
Martí,2
Sushi Nomi,2
Hotel Niza,2
Under,2
El Abad,2
Taquitos el Don Que Nunca Deja de Jalar,2
Secundaria Diurna 223 Turno Matutino,2
Taquería Forastero,2
Mercado Azcapotzalco,2
Super Capturador SuperDrecksKescht,2
Carnitas El Azul,2
Unidad de Medicina Familiar 15 Ermita Iztapalapa,2
Ecobici Reforma / Río Támesis,2
Taquitos Frontera,2
San Juan II,2
The Clam,2
Mercado Escandón,2
StarLight,2
CE-669 Los Juarez - Sagredo,2
Tlapalería San Felipe,2
Ecobici Coahuila / Av. Cuauhtémoc,2
Soundhaus,2
Pujol,2
The Gallerie,2
Outlaw,2
Tacos el Chaparrito,2
Canela y Oro,2
Terapia Spa,2
Ecobici Cuernavaca / Veracruz,2
Road Scholar Hotel,2
Porter,2
Tiangera,2
Pacífica,2
Tacos El Guero,2
Cantina Riviera,2
Toluqueños,2
Ecobici Gante / Venustiano Carranza,2
Tortas al fuego,2
renovacel,2
Super Delicatessen,2
La Madrileña,2
tacos el güero,2
Cafe Emir,2
Zanaya,2
Burrito Loco,2
The Home Depot,2
Restaurant Tokio comida japonesa,2
Taquería Los Ovnis,2
Pepeleria Envolturas,2
Murakami,2
Café La Blanca,2
Tianguis sábados,2
Cafe Dorama,2
Scorpion,2
Rokai,2
Servimed,2
Papelería y copias,2
Museo Soumaya Plaza Loreto,2
Auditor Service SC.,2
Salón de la Plástica Mexicana,2
Cafe El Popular,2
Promoda,2
Monsieur Croque,2
Scalper Studio,2
Parque Alameda,2
Nahnu -Tacos Árabes,2
Autolavado Cuautepec,2
Río 10,2
Cafe y Tortas El Roble,2
Pressto,2
Mercedes-Benz Hermer,2
Porfirio,2
Caifán,2
Muac’s,2
Amore ti amo,2
Teatro Arlequín,2
Café del Barrio,2
ProCer,2
Mi Cantina,2
Spiritello Trattoria Pizza,2
Café del Barrio Viejo,2
Mercado Independencia,2
Antimonumenta Ni Una Más,2
Taqueria Regina,2
Bistrot Mosacio,2
Puerto Madero Polanco,2
Malt Bunny,2
Plaza San Simón,2
Brindisi,2
Oficinas T5 s.a. de c.v.,2
Balmori Roofbar,2
Tabla Roca,2
Casa Tassel,2
Pastelería Abhie,2
Manduca,2
Pineda Covalin México,2
Caseta de vigilancia,2
Om Dental,2
Ecobici Av. Sonora / Av. Ámsterdam,2
Sabores de México,2
Catorze,2
Mexico hostel,2
PILARES Las Águilas,2
Pro-Wash,2
25 de julio,2
Panificadora San Pablo,2
Ecobici Independencia / Azueta,2
Specia,2
Bagatelle Mexico City,2
Mercado de San Fco. Culhuacan,2
Pilares Zona Rosa,2
Sal y Dulce,2
BB Bar,2
La Capilla,2
Doña Vero,2
Pollos Rio,2
Bar Oriente,2
Happy Wings,2
PILARES Barrio Norte,2
Restaurante El Reloj,2
Abarrotes Ivan,2
Mercado de la Progresista,2
Ecobici Comercio / Jose Martí,2
Restaurante Las Mercedes,2
Adidas Reebok outlet,2
Movistar,2
Pirates Burgers,2
Pastelería Suiza,2
Alianza Selecto,2
Love Bike,2
Ecobici Comercio / Progreso,2
PDMX Jeans,2
Allende,2
Ortopedia Mitla 4,2
Opticas Emporio,2
Pan comido,2
Alma Café,2
Maderas Jose,2
El Porton del Pan,2
Nezahualcóyotl,2
Ozomalli,2
Pan Comida,2
El Quebracho,2
Panda Express,2
Panadería Gutiérrez,2
Maíz de Cacao,2
El Mundo del tenis,2
Odontología Integral,2
Panadería Rosetta,2
Museo Histórico Judío y del Holocausto "Tuvie Maizel",2
El Ancla,2
Odontotall Dentist,2
Panam,2
María Isabel,2
Ecobici San Jerónimo / 5 de Febrero,2
Old School Designs,2
Papa Bills Bar & Restaurant,2
Ocho,2
Diablito Blue,2
Opticas Kauffman,2
Parador Real,2
Marriott,2
Ecobici Puebla / Veracruz,2
Museo Histórico Naval de la Ciudad de México,2
Unidad de Medicina Familiar 38 Cfe. Parque España,2
Muro Articulado,2
Coca-Cola,2
Nudo Negro,2
Trattoria Urbana,2
Me,2
Clean Car,2
Muebles San Jerónimo,2
Tres B,2
Manuel Buendia Tellezgiron,2
Clean Center,2
Multifarmacia Genéricos,2
USA Laundrette,2
Libreria Parthenon,2
Dental Oyamel,2
Metro Hostal Boutique,2
Universidad Anahuac Mexico Campus Sur,2
Madereria Tlaltenango,2
Dallas,2
Monumento al General Lazaro Cardenas,2
Yards,2
Legión Americana,2
Colegio Andersen,2
Museo de Historia de Tlalpan,2
Zorro Contreras Zco,2
Lo cheri a la Oaxaqueña,2
Colegio Nueva Raza,2
Mini Bodegas Plaza,2
Consultorio De Medicina General Sin Nombre,2
Sombreros Tardán,2
Consultorio Dental Jm,2
Minisuper Andrade,2
Lyris,2
Monas Fun & Food,2
Sanborns Loreto,2
Montejo Sureste,2
Larva,2
Montenegro,2
SEAT San Ángel,2
Massiosare El Hostel,2
Las Alcobas,2
La Guadalupana,2
Sepomex,2
Librería del Fondo Juan José Arreola,2
Le Parisien Barber Shop Insurgentes,2
La Sirenita Mariscos,2
Servicio Medico Integral Healt And Life,2
LAVA 2000,2
Romita Comedor,2
Los Arcos de Regina,2
Roomies Hostel Cibeles,2
Sabor de Hogar,2
Saint Crepier,2
Primaría República de Cúba,2
Pedro José Méndez,2
Ortoclínica del Norte,2
Panadería "Dany",2
Panadería Lecaroz,2
Primer Cuadro,2
Podólogo,2
Parque guayacanes,1
Taberna del Leon,1
Zihuatlpiltzin,1
Libreria Casa del Libro,1
Alverre Café Bistro,1
La Suiza,1
Consultorio Odontoynova,1
PILARES Taxqueña,1
Parrilla Gaucha,1
Tabita Bakery and Gourmet Food,1
Uñas y Decorados,1
Librería Coyoacan,1
Ambassade van België - Ambassade de Belgique - Botschaft von Belgien,1
Librería Letras Mágicas,1
Consultorio Sonrident,1
Pit's,1
Pasaje Metro Tepito,1
Tacos El Paisa,1
Waldo´s Dollar Mart,1
Lavado Automotriz Acoxpa,1
American Bookstore,1
Librería Médica Horus,1
Coordinación Territorial COY-3 (PGJDF y SSP),1
Polideportivo,1
People For Bikes,1
Tahona,1
We R Bikes,1
La mansión,1
Anónimo Restaurante,1
Lobo Estepario,1
Copias,1
Pollos Noé,1
Pizzas Nosferatu,1
Taqueria EI Progreso,1
Xochimilco Parque Ecológico,1
La nueva roma,1
ADN,1
Loose Blues Dining,1
Copybond,1
Pork & Buns,1
Plaza Churubusco,1
Taqueria Santa Ana,1
Yaqui,1
La pastora,1
24 de agosto,1
Loretto,1
Colegio Senda,1
Pubbelly,1
Pequeños apartamentos,1
Taquería La Peña,1
Yardas,1
La Salud,1
Abarrotes Pau,1
Los Leones,1
Colegio Williams,1
Pulquería La Santa Solita,1
Perisuper,1
Teatro Enrique Lizalde,1
Vacuche,1
La Sazón de Tlalpan,1
Abarrotes Roanda,1
Los Tlacoyos desde 1963,1
Colegios Florencia Nightingale,1
Que sería de mí,1
Petit Roquefort,1
Terapeutica Jazmiin Y Fredy,1
Valero La Carni,1
La Tengara Pingus,1
Abraham Lincoln: The Man,1
Luis Donaldo Colosio,1
Desperdicios industriales "Tres hermanos",1
Real del Barrio,1
Picis,1
Rompeolas café,1
Vege Taco,1
La Torta Brava,1
Adidas Outlet Ecatepec,1
Luis Flores,1
Comfort,1
QUENTIN café,1
PILARES Copil,1
Restaurante Plato Grande,1
Veterinaria Providencia,1
LABORATORIO DE PALEOMAGNETISMO GEOFISICA NUCLEAR CIENCIAS DEL MAR,1
Abarrotes "Ale",1
Lumiere,1
Cúpula de Oro,1
Rafaelle,1
PILARES Cuajimalpa,1
Safari,1
Virgen de Guadalupe,1
Laboratorio Médico Polanco,1
Abarrotes "Amazonas",1
Luna Medica,1
Clinica Dental Healty Mouth,1
Pandora,1
PILARES Francisco J. Múgica,1
Saks,1
Trigosanto,1
Machos Barber Shop,1
Abarrotes "Casa Blanca",1
Luvina vegan bar,1
Clinica Especializada en el Manejo Integral de la Diabetes Iztapalapa,1
Pepeleria Genesis,1
PILARES Iztaccíhuatl,1
Sabor do Brasil,1
Travel Time,1
Maderas San Andrés,1
Abarrotes "Kokis",1
Macundales,1
Clínica Veterinaria,1
Perfida,1
Paletería "La Michoacana",1
Shalalá,1
Unidad de Medicina Familiar 4 Doctores,1
Los Huaraches de Bolsena,1
Be.Spoke Cyclery,1
Mammut Pizza,1
Clinicas De Cirugias Ambulatorias Daam,1
Pharma Club,1
Paloma Hotel,1
Shasa,1
Paris 16 Bistró,1
Lonchería Juanita,1
Behr Taller de Waffles,1
La güerita,1
Clip Cafetería,1
Picu,1
Pan y pasteles "D'Bety",1
Skate,1
Paris Bar,1
Los Bigotes de Carranza,1
Bicycle Mechanic Institute,1
La puerca pecadora,1
COBÁ FONDA YUCATECA,1
PILARES Murciélago,1
Panadería,1
Smeiro Optica,1
Pastelería boca negra,1
Los Chamorros de Tlacoquemecatl,1
Bajo Circuito Multiforo Urbano,1
La Salle,1
Cocina "Abigail",1
PILARES Pelón Osuna,1
Panadería "Gitana Norte",1
Tonita,1
peltre,1
Makato,1
Banco del Bajio,1
La liga de la cerveza,1
clarac colegio Canadiense,1
PILARES Piloto,1
Panadería El Esfuerzo,1
WeHeal Clínica Médica y Dental,1
Peluquería,1
Manuel López Cotilla,1
Au Pied de Cochon,1
La Meta,1
Clases De Tejido,1
PILARES Progresista,1
Panadería El Reloj,1
Universidad La Salle,1
Peluquería Car,1
Mariana Bonita,1
Autolavado Juárez,1
La Nube,1
El Barullo,1
PILARES San Francisco Tultenco,1
Pancho Villa,1
Vaivén,1
Panadería Maren,1
Marquesitas,1
Baby And Mom Gym,1
La Octava,1
El buen Sazón,1
PILARES San Juan Joya,1
Pancita Ale,1
Virgen de Mariano Escobedo,1
Pan y Pasta,1
Mary,1
BACAL - apericena,1
La Pagoda,1
Ecofarmacias,1
San Sebastián,1
Panificadora y Minisuper la Carolina,1
Volver,1
Panadería "El Panda",1
Maryscallis Pizza,1
Cavi,1
La Parrilla Suiza,1
El Pariente,1
Samborns Café,1
Papelería "Dane",1
Testal,1
Ortopedia Ortho Clinic,1
Museo del Calzado El Borceguí,1
Casa Romma Social Lounge,1
Lampuga Restaurant &Bar,1
El Periban,1
Ricos Hot Dogs,1
Papelería "Yeni",1
The Basement Coffee,1
Pizza Copilco,1
Museo del Centro Cultural Universitario Tlatelolco,1
Celtic's Pub,1
L'appart,1
El Rincón de Arturito,1
Ricardo Flores Magón,1
Oxxo Rubens,1
Toks San Jerónimo,1
PILARES Boleo,1
Nagaoka,1
Casa 19,1
Las cuatro esquinas,1
El Chamán,1
Red Lobster,1
Papeleria SEP,1
Red Phone,1
Policía Federal,1
niddo café,1
Casa Azul,1
Las Ranas,1
Ecobici #245 Lago Onega - Ejército Nacional,1
SevenEleven,1
Mundo de los Chuchos,1
Restaurante Bar 4 Mares,1
Pollo Fiel,1
Nuevo lugar,1
Carne Express,1
Lavanderia Mary's,1
Ecobici Álvaro Obregón / Morelia,1
Six,1
Muñeca Lele,1
Restaurante Bar Chung King,1
Pinkrose Beaty,1
Numu Market,1
Carnes Asadas Santa Maria Parrilla del Barrio,1
Leyva Vazquez, Honorio Jose,1
Ecobici Presa Falcón / Miguel De Cervantes Saavedra,1
Skechers,1
NA DE FO,1
Promoda Outlet,1
Perfectplanch,1
Panadería Caramel,1
Canchas Premier Oriente,1
Libre Café,1
Ecobici Avenida México / Sonora,1
Sociales Rose Mary,1
Meroma,1
Radice Bistro Gourmet,1
Papelería Osmaar,1
Pane En Vía Centro,1
Canon,1
Librería CENART,1
Ecobici Choapan / Tamaulipas,1
Sanitarios Públicos,1
Mesón del Buen Tunar,1
Pizza Hot Buenavista,1
Manuel Gómez Morin,1
Papelería "Peque",1
Cantina La Ópera,1
Mazda Churubusco,1
Ecobici Coahuila / Orizaba,1
Sor Juana Inés de la Cruz,1
Metropolaundry,1
Pizzas Plaza,1
Margarita Maza de Juárez,1
Mundo Joven Travel Shop,1
BTM Samara Shops,1
Masajes curativos y relaxantes.......Quiropractico.,1
Do Brasil,1
SP Auto Boutique,1
Mi amigo`s,1
Pizzeria Malasaña,1
Maruka,1
Model Shop,1
Buger George,1
Mank Tea,1
Don Carbón,1
St. Regis,1
mi Gusto es,1
PILARES Los Ángeles,1
Mercader Digital,1
Momentto Café,1
Blockbuster,1
Maque Cafe,1
Don Juan,1
Librería Fco. José María Luis Mora,1
Mercado Chino,1
PILARES Monterrey 206,1
MERCADO DE CRISTO REY,1
Montparnasse,1
Bottega Culinaria,1
Mar y Tierra La Única,1
Donato Guerra,1
La Federal,1
Mercado Cuajimalpa,1
Pineda Covalin,1
Mendez Villegas Mirella,1
Monumento a Francisco I. Madero,1
Café Del Valle,1
Mercado de Zapatos "La Central",1
Donna del Pane,1
Librería Porrúa Hermanos,1
Mercado del Barrio,1
Pharma Medik,1
Malva Club,1
Mercado público "La Loma",1
Cajero Bancomer Sucursal,1
Mercado Cuilapan,1
Banana Car Wash,1
Librerías El Sótano,1
Matcha Mio,1
PILARES Atlético Mexicano,1
Mama Rumba,1
Maxi carne,1
Cambio de Estilo,1
Mi gusto es Marisquería,1
Asgaya,1
Lo de Arriba,1
McCarthy's Irish Pub,1
PILARES Candelaria Ticoman,1
Madero,1
Memela's Pub,1
Café Genova,1
Mi Sonorita,1
Atardecer en la Condesa,1
lo de Julio,1
Mega Cuautepec,1
Plaza comercial,1
Magia Blanca,1
Mi Centro Talleres Y Cursos,1
Ecobici Mazatlán / Fernando Montes de Oca,1
Mercado Guadalupano,1
Barra de café Esencial,1
Los Amantes,1
Maquila Ropa,1
Plaza Loreto,1
LUCERNA,1
Mi Ferre,1
Ecobici Reforma / Bucareli,1
Monumento a Miguel Hidalgo,1
Barra Gavia,1
Los Chingones,1
Maria Josefa Ortiz Tellez Girón,1
Podologia,1
Mi Jacalito,1
Miercoles de Pechugon,1
Ecobici Río Pánuco / Río Tiber,1
Mixli,1
Belle Épouse Collection,1
Los Danzantes,1
Marie Stopes,1
Pollería Peña,1
Mi Mercado Lagunilla Zona,1
Patagonia Parrilla de Campo,1
Ecobici Tonalá / Guanajuato,1
Modulo de Seguridad y Participación Ciudadana,1
Bianco Colima,1
Los Gauchos,1
Mariscos Don Panchito,1
Pop Shot,1
Miguel Lerdo de Tejada,1
PC Cómputo,1
El charquito mixe,1
Museo de la tortura,1
Bisquets Obregón La Raza,1
Los Huarachines,1
MOG,1
Popeyes,1
Miscelánea "Lupita",1
Pardo Café,1
Eduardos,1
Museo del Telégrafo,1
BMW Mini,1
los parados de pepe,1
Monte Kailas,1
Paletería la Michoacana,1
Miscelánea Chavelita,1
Parque Circuito Bicentenario,1
Dos Caballos con Gaucho,1
Mural "Malinali",1
Benotto División del Norte,1
Los Tres Cochinitos,1
Montmartre,1
Museo de Sitio,1
Miscelánea Florecita,1
Pet Care Store,1
Dr Gil Munsom,1
Museo Arqueológico de Xochimilco,1
Bershka,1
Médica Londres,1
Monumento a la Amistad México-Azeirbayán,1
Oh Lala!,1
Miscelánea Lopez,1
PGJDF Fiscalia Desconcentrada en Coyoacan,1
Dr Pizza,1
Nutri Gourmet,1
Artes de Mexico,1
Mega Soriana,1
New Balance,1
Old School Barbería,1
MO + F,1
PILARES Nativitas,1
Ecobici #238 Andrés Bello - Elliot,1
Octavio Paz,1
27 Bis,1
Memorial Guardería ABC,1
NH Mexico City Airport T2,1
Once Once Café,1
Meson De Los Leones,1
PILARES Reforma Política,1
De Dios,1
Odontologia Integral,1
Baja,1
Men's Factory,1
Nikola,1
Ópticas Portillo,1
Monumento a El Santo,1
PILARES Tlacopan,1
Dentimex,1
Natura,1
Abarrotes,1
Mercado de Comida,1
oficinas centrales prepa sí,1
Ortopoint,1
Neuro Farma,1
Piola,1
Dermalia,1
Neto Cruz Verde,1
Abarrotes "Charly",1
M68,1
Olof Palme,1
Ozono,1
Noti Abarrotes,1
Pizzapoll,1
Consultorio Medico El Rosal,1
News Divine,1
Abarrotes "El Cometa",1
Mariscos "El Pacífico",1
Óptica Moderna,1
Nidia,1
Oficina de correos,1
Prendes,1
Consultorio Sin Nombre,1
OXXO Tres Lagos,1
Alcoholicos Anonimos,1
Papelería "La Estudiantina",1
Orientación Medica Gratuita,1
Normandie,1
Rosticería Chicken Pollo,1
Preparatoria Acoxpa del Nuevo Milenio,1
Cremería "Lebrija",1
Pambazo Loco,1
Alfredos,1
Papeleria articulos escolares.,1
Robert Graham,1
Nueva Escuela Justo Sierra,1
Ruta de la Seda,1
Purificafora,1
Creperia La Gula,1
Onimma,1
Almanegra Café,1
Papelería Master,1
Roku,1
Numu Bistro,1
Sagitario,1
Quesadillas Berlin,1
Dada X,1
Óptica Americana,1
Café Morada,1
Páprika,1
Rincón Libanés,1
Pastelerias Esperanza,1
Revolver bar,1
Qü-Qoo Kitchen Bar,1
Dante Brasa y Fuego,1
Ojo de Agua,1
Café Rébora,1
Pastes Real de Plateros,1
Sanofarma,1
Pan D’monium,1
Rodolfo's Costillas & Micheladas,1
Pronto,1
Centrina,1
Nissan Meta,1
Cardinal Coffee House,1
Pata de Perro (ropa gratis de frío),1
SANOPECADO,1
Pan Verde,1
Preparatoria CENEVAL,1
Scotch & Soda,1
Centro Integral de Desarrollo Humano Jose Emilio Pacheco,1
Noi Soto Bar,1
Carniceria,1
PC GAMER CDMX,1
Santa Teresa,1
Panadería "Zapata",1
Prime House,1
Seca Express,1
CFE,1
Panadería Lecaroz Las Flores,1
Borola,1
Omega 254,1
Quesadillas Doña Laura,1
Pancracia Panederia,1
San Pablo Farmacia,1
Segredo,1
Cinépolis Copilco,1
Pediatra,1
Burger Bar Joint,1
Óptica Turati,1
Quesadillas Tostadas y Mas,1
Panificadora El Sol,1
Sanborns Peralvillo,1
Restaurante El Amaranto,1
Cinemex Misterios,1
Papelera Dabo,1
Buvette,1
Óptica Universal,1
Quetzal Café,1
Paola,1
Sanitarios,1
Revolución,1
Chirindonguería,1
Papelería "Unión",1
Central Syore,1
Organización de las Naciones Unidas,1
Pollería Mary,1
Papelería ¡A Jugar!,1
Sanitarios W.C.,1
Río de la Plata,1
Chop Chop,1
Papelería ABC,1
Centro Cultural Octavio Paz,1
niddo dresde,1
Pollos Elkar,1
Papeleria Gris y Ariculos deportivos,1
Salon Sarita,1
Tianguis de los Jueves,1
Cine Tonalá,1
Papeleria e Internet,1
Carnitas Parque Luna,1
Nike,1
Primaria Pedro Henriquez Ureña,1
Papelería Magli,1
Quesadillas y Gorditas "Eli",1
Tienda MAP Polanco,1
Colegio Jean Piaget,1
Papelería Gamma,1
Casa Olivo,1
Nuevo Teatro República,1
Productos Naturales "del Rocío",1
Paradero Conocido,1
Quesadillón loco,1
Tintorería La Profesional,1
Cinépolis Plaza Cuitláhuac,1
Parque Galería,1
Centro Social y Deportivo "Benito Juárez",1
Nujha,1
Rayo,1
Parque Escandon,1
Servicios Hematologicos Especializados,1
Terré,1
City Santa Fe,1
Parque Tarango,1
Charco de las Ranas,1
Meson Taurino,1
Recopilacion De Reciclado Bodega San Antonio,1
Parque Miraflores,1
Sheraton María Isabel,1
Texas de Brasil,1
Clinica Imss,1
Porco Rosso Roma,1
Chevrolet Insurgentes,1
Mexicanas Anónimas Forjadoras de la República,1
Renault Insur,1
Pastelería Copilco,1
Secretaría del Trabajo y Previsión Social,1
Rolls Royce,1
Clinica Veterinaria del Dr. Guerrero,1
Pozolería Jalisco,1
Hotel Villas,1
Mezcalería Los Amantes,1
Ramen Goku,1
Benedetis Pizza,1
Son de Sirloin,1
Rosticeria Molinos,1
Club De Tens Axomiatla,1
Pradera - Ahumador Campestre,1
Hyundai Polanco,1
Miguel Hidalgo y Costilla,1
Prosecco,1
Bernard,1
Starwings La Roma,1
Telas Parisina,1
Colegio Medina,1
Primaria Cuauhtemoc Turno Vespertino,1
Inspir@net,1
Miguelito,1
Tecno Farmacias,1
Bibliofilia,1
Tokyo Rose,1
Telefónica Movistar,1
Colegio Nacional de Educacion Profecional Tecnica,1
Providencia,1
iShop Plaza Carso,1
MisMezcales,1
Teikit,1
Biblioteca Manuel Sandoval Vallarta,1
Tortería y Taquería,1
Telefono Publico Telmex ladatel,1
Colegio Vicente Guerrero 09ppr1591c,1
Salon Corona,1
Janus,1
Monumento al Noble Pueblo de México,1
Tianguis de Topito,1
Biblioteca Teniente Coronel Rodolfo F. Sánchez Tagle,1
Tlapalería Castillo,1
Telmex,1
Compra Venta De Fierro Viejo,1
Salon de Eventos Venecia,1
Fuego Nuevo,1
Mujer Chimenea,1
Taquería Green House San Pedro,1
BMW Motorrad,1
Todo de Cartón,1
Suites del Parque,1
Compra Venta De Servicio De Desperdicios Industriales,1
San Felipe de Jesus,1
Fuente de sodas El Camellito,1
Tacochino,1
Taquería La Michoacana,1
Bom Burger Bistro,1
Terraza Tacuba Brewery,1
Super byli,1
Consultorio dental Endoden,1
Rock Solid,1
Gandhi Coyoacán,1
Super Q,1
Taller Mecánico,1
Auditorio Simón Bolivar,1
Tecate,1
Super Farmacia La Nueva,1
Consultorio Dental Ideal Dent,1
Sankalpa,1
Gffjv,1
Toks Las Águilas,1
Tlahui- Ollin,1
Autos Reforma,1
Television Products Retail,1
Tamales DeliRox,1
Iris,1
Puente "Japones" Masayoshi,1
Gold Cut,1
Tortas Coyoacán,1
Toks Arboledas,1
Ava,1
Terma,1
Turco's Coffee,1
iShop Mixup,1
Puesto de revistas,1
Guadalajara,1
Tortas El Estudiante,1
Torres Corzo,1
Avanti,1
Terraza 95,1
Unidad de Medicina Familiar 6 Merced,1
Jardín de niños Yollalia,1
Pull & Bear,1
Guess,1
Totoquihuatzin,1
TORRES DENTAL,1
Bahia de Vigo,1
Terraza Botanero,1
Unidad de Medicina Familiar 9 San Pedro Pinos,1
José Vasconcelos,1
Punta del Cielo,1
Hanson Pieles,1
Tienda de fábrica Yale,1
Sol,1
Bamboo Beaute,1
Taller "El campeón",1
Uniformes,1
Jurisdicción Sanitaria Magdalena Contreras,1
Quality Bakery,1
Hebridik Dental,1
Tintoreria San Antonio,1
Spa,1
arirang,1
Takamura,1
Uniformes y disfraces Maya,1
Kin Kanik,1
Quane,1
Heladería,1
Tlacoyos Milenarios,1
Sport World,1
Armani Exchange,1
Taqueria El Gorilon,1
Valeria colegio,1
Kinder,1
Querencia,1
Hospital Veterinario 24 hrs,1
Tlapalería la Piramide,1
Sports World Félix Cuevas,1
Arte Dental,1
Tacos don Pedro,1
Vecchio Forno,1
La Casa de Juan Juan,1
Ramen House,1
Hospital vicentino y casa hogar,1
Tlapaleria y ferretería Acueducto,1
Sq Avanzada,1
Asador del Gaucho,1
Tacos EL Taurino,1
Urban Spices,1
La Casa de los Bisquets,1
Reciclado De Desperdicio Industrial,1
Escuela De Manejo Mexico,1
Telegrafos,1
Sukiya,1
Alcaldía Coyoacán,1
Tacos Truck,1
Urologia multidiciplianaria,1
Hotel Guadalajara,1
Pizza Jazz,1
Escuela Primaria Alvaro Obregon,1
The Black Rabbit Coffee Shop,1
Super Pollo,1
Alma Negra Café,1
Swarovski,1
Villa Condesa,1
Hotel María Condesa,1
Pizzería Copilco,1
Escuela Primaria Efrain Huerta,1
The Point,1
Taco Game Narvarte,1
Ángel de la Independencia,1
Taco Titla,1
Zapaterías "Elite",1
Hotel Mexico Mexico nuevo,1
Planchado,1
Escuela Primaria Felipe Carrillo Puerto,1
Tamales y Antojitos Rosy,1
Tacos de Canasta La bicicleta,1
Animal Home,1
Super Extra,1
Zócalo Central,1
Hotel Templo Mayor,1
Policía,1
Escuela Primaria Hidroeléctrica y Cupatitzio,1
Taquería "El Kaliman",1
Tacos Alvaro Obregon,1
"El Triciclo" - Cómida Rápida,1
Super Pharmacy,1
Zona de chacas y puesteros,1
Hotel Villa Amanecer,1
Peterson Schools,1
Escuela Secundaria 166 Alfonso Reyes Turno Vespertino,1
Taquería "La Tapatía",1
Yo Taquero,1
Abarrotes "Estrella",1
La Selva Café,1
Zoo hospital,1
Hotel Villas Coloniales,1
Squash Club Delta,1
Escuela Superior de Música,1
Zapateria 2 Mafer,1
Zapamundi,1
Abarrotes "Mimis",1
La Strega,1
Yug Vegetariano,1
Hospital Materno Infantil Inguarán,1
Stars Fushion Salon De Baile,1
Escuela Secundaria Diurna Jose Guadalupe Posada 105 Vespertino,1
Zona de Juegos,1
Zapateria D'Eva,1
Abarrotes La Pilarica,1
Les Petits,1
west elm,1
Hospital Pediátrico Iztapalapa,1
Sofamex,1
El Viejo Camilo,1
Walmart Supercenter,1
Van gogh,1
Abarrotes La Popular,1
La viejita Sabia,1
Wu's,1
Hostal Historico,1
Sólo Dios,1
El Villamelón,1
Whitr smile,1
Vanessa,1
Abarrotes Luna,1
La Voragine,1
Volcana Lugar Común,1
Hostal Regina,1
Sonora Grill - Félix Cuevas,1
El Zacatito,1
Yale,1
Zentralia,1
Café Villarías,1
Las Cazuelas,1
Volkswagen Dalton Copilco,1
Hostel 333,1
SD Dental,1
Embassy of New Zealand,1
Yardis,1
Zinco Jazz Club,1
Casa Hevia - Correo Español,1
Las Tres Gracias,1
Volkswagen Santa Clara,1
La Fondue,1
seven eleven,1
Enhorabuena,1
Volkswagen Cresta Narvarte,1
Unidad de Medicina Familiar 39 Cfe. Xola,1
CE-667 Hermes - Mosqueta,1
Le Tachinomi Desu,1
C.O.M.E,1
Hotel Diligencias,1
Simon Bolivar,1
Escuela Alarid,1
Virgen en lo alto,1
traspatio,1
celcum language school,1
Liceo Mon Felic,1
Cacha de usos multiples,1
La C-Zina,1
Taquería Los Parados,1
Farmacia Especialidades,1
Vito Alessio Robles,1
Trendas,1
Centro De Acopio Rvc,1
Lithuanian Honorary Consulate,1
Cafe de la Paz,1
La Nacional,1
Taqueria los Pericos,1
Essenzia Española,1
Villa de Canes,1
Tres Galeones,1
Centro Integral De Atención Podológica,1
Los Choko's,1
Bros,1
La Pascadería Fish Restaurant,1
Taquería Orinoco,1
Estética alta peluquería,1
Ver de Verdad,1
tuux kabin ejercito,1
Carniceria Lupita,1
Los Panchos,1
Burgueris,1
La Glorieta,1
Tamaleria y Churros,1
Estética unisex "Alan & Alex",1
United Colors of Benetton,1
Uamiki,1
Carnicería Silvia,1
Little Caesar's,1
Bocadillos Royalty,1
La Goma Feliz,1
Taqueria El Chaparrito,1
Estética Unisex D'Vegas,1
Universidad Interamericana para el Desarrollo,1
Unas y mas,1
Carnitas,1
Liverpool,1
Birria y tacos Santa Bárbara,1
La Joya Zapaterias,1
Tabasco,1
Ezequiel A. Chávez,1
Vagabond,1
Vinos y Licores La Morena,1
Carnitas Jerrys,1
London Blue,1
Birrieria Y restaurante Doña Carmelita,1
La madrina,1
Tacos Chupacabras,1
Farmacias Ecológicas,1
Tres,1
VOID,1
Casa Condesa,1
La Hallaca,1
Benedetti's Pizza,1
Massimo Dutti,1
Tacos Manolo,1
Ferreteria,1
Un Am Jung,1
Wabi Sushi,1
C@fenet,1
La Hummisiya,1
Bentle Polanco,1
Maxine,1
Taquitos Frontera Grill,1
Ferretería La Esmeralda,1
El comal de mis amores,1
Wan Wan Sakaba,1
Café en Clave,1
La Fermatta,1
Calzado Florencia,1
Médicos militares,1
Tetrarca,1
fine tube and technology,1
El convite,1
WiBike's,1
Café Punta del Cielo,1
La Puerta del Sol de Coyoacán,1
Cantina El Sella,1
Medina Soteno, Eleazar Arturo,1
Taquería La Paz,1
Fonart. Tienda de artesanias,1
Ecobici Roma / Dinamarca,1
Woaxaca Wings,1
Café Tacobar,1
La margarita,1
Cantina Salon Isabel,1
Memorial de Víctimas de la Violencia del Estado,1
Taquería Los Cocuyos,1
Fonda Argentina,1
El Ave Fénix,1
Wooyeon,1
Buffet Chino $50,1
La Muralla China,1
Canto de Sirenas,1
Mercado de 100,1
Tienda De Pollos,1
Fonda El Rancho,1
El Breve Espacio,1
Xochimilco 꽃시장,1
Audi,1
La Nueva Generación,1
Café Son, Son de Café,1
Mercado de San Cosme,1
Tienda de Ropa "Casual",1
Fonda Santa Margarita,1
El Cafe-to,1
Facultad de Filosofía y Letras - Adolfo Sánchez Vázquez,1
Banda de Moebius,1
La Panera,1
Cafetería Dany,1
Mercado La villa,1
Tintorería Marlo,1
Foro Canal 23,1
El Globo Balbuena,1
Facultad de Odontología,1
Bazar Balderas,1
Ignacio López Rayón,1
Carnitas "Chela",1
Mexicano Bar,1
Tintoreria Max,1
Ma' Maria Pizza,1
El Guarache,1
Fajas Colombianas Kisha,1
Centro Para El Estudio Del Sistema Urinario Umd,1
iza,1
Caldos de Callina,1
Mia Planchaduría Stop,1
Tlaco,1
Maia Hair & Spa,1
El Huequito,1
Estación sur de Bombreos, Javier Perez Olagaray,1
Centro Trilingue de Estudios Universitarios,1
Italiann'is,1
Casa de la Cultura Los Héroes Tecámac,1
Micheburguers,1
Tienda De Frutas,1
Maison de Famille,1
El Japonez,1
Estatua del General Felipe Ángeles,1
CFEMático,1
Jardín de Niño "William-shakespeake",1
Casa Q,1
Microteatro México,1
Tortas Jorge,1
Maratea Mx,1
El Moro,1
Escuela Secundaria "Emma Godoy",1
Chelalitas,1
Jardin De Niños Alfred Binnet,1
Antojitos Mexicanos Carmelita,1
Miga Café,1
Toks Aragón,1
Mariscos Gourmet,1
El Negrito,1
Escuela Secundaria 235 José Clemente Orozco,1
Cinemex Miguel Ángel de Quevedo,1
Jardin De Niños Tonali Turno Vespertino Cct 09djn0900p,1
Apolo,1
limosneros,1
TOMS,1
mercado rastro,1
El Polanquito,1
Farmacia Servicio Médico,1
Chiquitito,1
Jesús Reyes Heroles,1
Aponte 82,1
Little Caesars Pizzas,1
Tom's Leather Bar,1
Merendero,1
el pollo feliz,1
Farmacia Weser,1
Chiquitito Café,1
Joselo,1
Appcom,1
Los de Pescado,1
Tortas,1
Merendero Biarritz,1
El Rincón Gourmet pizza a la leña,1
Farmacias UNION de descuento,1
Clinica De Especialidades Dentales,1
Julio Prieto,1
Arrival Gate 3,1
Los Jarochos,1
Trocitos Mix,1
Maverick,1
El Rincón Zapatista boutique,1
Farmacia "Saul",1
Clínica Eugenio Sue,1
Justo Sierra Partida,1
Astral Freaks,1
Los Manantiales,1
Tortas Suizas Los Gemelos,1
Max metri 12,1
El Samurai,1
Farmacia Lupita,1
Colegio Hebreo Tarbut,1
JV Clínica y Estética Veterinaria,1
ATENCIÓN AL TURISTA,1
Los Re-tacados,1
Tortas Y Hamburguesas,1
Medicina Tradicional,1
Eno - Roma,1
Farmacia Perla,1
Colegio Hernán Cortés,1
Kiev,1
Auto Baño Formula-1,1
Las Horchatas,1
Trattoria Giacovanni,1
Labor de Belleza,1
Escuela Primaria María Adelina Flores Morales,1
Guisando Ando,1
COLEGIO MONARCA,1
La Boheme,1
Autolavado "Los Moyas",1
Legedarios,1
Zapateria Fabiani,1
Laboratorios Médicos El Chopo,1
Escuela Primaria Medico Bernardo Sepulveda Gutierrez,1
H&H,1
Cocina Conchita & Departamento,1
La Carveceria De Barro,1
Autolavado Exprés a presión,1
Leona Vicario,1
Zapaterias La Joya,1
Loose Blues,1
Escuela secundaria federal número 283 "Leyes de Reforma",1
Hacienda de Cortés,1
Conalep Iztapalapa III,1
La Cerveceria de Barrio,1
Biblioteca Pública Japón,1
Libreria El Gran Remate,1
Zapaterías La Ribera,1
Los Cocuyos,1
Escuela Secundaria N° 42 Para Trabajadores "Jesus Romero Flores",1
FARO Cosmos,1
Consultorio Dentales Del Sector Privado Sin Nombre,1
La Coyoacana,1
Bicicletas Casa Gloria,1
Librería El Hallazgo,1
Zapaterías Morelos,1
Los guisados de Copilco,1
Escuela Secundaria No. 28 Agustín Melgar,1
Glisse Music,1
Consultorio Grupo Pediatrico,1
Farmacia Cove,1
bière artisanal,1
Librería Madero,1
Unidad de Medicina Familiar 11 Peralvillo,1
Los sopes,1
Escuela Secundaria No. 4 Moisés Sáenz,1
Fiesta Inn Periférico Sur,1
Consultorio Periferico Corpus Christy,1
Farmacia Cuauhtémoc,1
Baltra,1
La RE Pizza,1
Unidad de Medicina Familiar 44 La Escalera,1
Lucero de mis Noches,1
Escuela Secundaria Técnica n°47 "Juan de Dios Batiz",1
Flor de Lis,1
Contadero dental,1
Escuela Mexicana de Manejo,1
BanBajio,1
La Rifa,1
Unidad de medicina física y rehabilitación norte,1
Las Quekas Factory,1
Escuela Secundaria Técnica No. 7 "José Guadalupe Posada",1
Fonda,1
Contramar,1
Escuela Primaria Doctor Miguel Silva,1
Barrio Tonala,1
Locomotora TCC 2,1
Vidrios y Aluminios,1
Le Gourmet,1
Ferring,1
Fonda Cobá,1
El Paraiso,1
Escuela Primaria Jonas Edward Salk,1
Abarrotes "La gitana",1
Long Du,1
Vinos y licores Sofismart,1
Le pain cotidien,1
Farmacias Santa Teresa,1
Fonda Los Cazuelasos de Santiago,1
El Rey de Boturini,1
Escuela Primaria Profesora Concepción Patiño Turno Matutino Cct09dpr2297b,1
Abarrotes Benja,1
Los Amigos,1
White & Bright,1
Leandro Valle,1
Fat Boy Moves,1
Fork of BBQ,1
El Gato Literato,1
Estetica Unisex Norma,1
Abarrotes Pack-x-Press,1
Guaymitas,1
Wichitos,1
Lemur,1
Favor El Moreno,1
Foro de las Artes,1
El Naranjito,1
Eugenia,1
Abarrotes y Cremeria Sarita,1
Hamburguesas al Carbón,1
Wings Puerto Aereo,1
Librería Malinalli,1
Ferretería Díaz Zimbrón,1
Foro del Sótano,1
El Ángel de la Seguridad Social,1
Facultad de Odontología - Posgrado,1
Abilita. Medicina de Rehabilitación Física y Ortopedia,1
Harumi Valle,1
Wyndham Garden,1
Lisso Centro de Planchado,1
Ferreteria Sakai,1
Foro37,1
Ecobici Morelos / Abraham González,1
Falafelito,1
Abts. La Juquilita,1
Hermanos de La Hoja,1
Yesenia,1
Little Ceasears,1
Farmacia G.I.,1
Francisco Manuel Sánchez de Tagle,1
Ecobici Popocatépetl / Av. Ámsterdam,1
FAR+CIA,1
Andrés Quintana Roo,1
Giant,1
Hotel Plaza Madrid,1
Locomotora 67,1
Farmacia GYG,1
Frutas,1
D'Liz,1
El Siciliano,1
Animal Care Center,1
Gran Café Victoria,1
Hotel Real del Sur,1
La Ruta,1
Farmacia Unión,1
Fuente D Venustiano Carranza,1
Depósito Los Amigos,1
El Sótano,1
Airport Information,1
Grand Home,1
Hotel Regente,1
La Veracruzana,1
Farmacia Victoria,1
Fuente de los Coyotes,1
Dr Alcantara,1
El Tizoncito,1
193,1
Grupo oncológico Lomas Altas,1
Hotel San Francisco,1
La Vid Argentina,1
Farmacias Capuchinas,1
Gemalto Polanco,1
Dragonejo,1
El Tizoncito Tamaulipas,1
1944,1
Gardela,1
Huaraches D'10,1
La Terazza,1
Farmacias del Dr. Ahorro,1
El peladito,1
Dunkin',1
eLoteria,1
"Morales",1
Farmacias Farmapronto,1
Inframundo,1
La Finca,1
Fantástico Cómics,1
El Rincón de Viveros,1
Dunosusa,1
Embajada de Sudáfrica,1
1/２LUM,1
Ferrequihua,1
Instituto Alin,1
La Nueva Excelencia,1
FarmAbel,1
El Gnomo,1
D'Vega,1
El Lugarcito,1
Crazy trunk,1
Farmacia del Mercado,1
Instituto De Belleza Nueva Imagen,1
La Paella de Domingo,1
Galería de Arte Mexicano GAM,1
El Grillo,1
Delicias de Líbano,1
El Mesón de Cheny,1
Dentista - Odontopediatra,1
Flavourite,1
Instituto de Ciencias del Mar y Limnología,1
La Polar,1
Gary Tortas,1
El Olvidado,1
Delisa,1
Embajada del Paraguay,1
Dr Barojas y Oftalmólogos Asociados,1
Fiat,1
Hotel Lira,1
Kfe-Tin Gourmet,1
Gladiador de Borguese,1
El Bajio,1
Deluxe Bar of Sin,1
Esca,1
Ecobici Álvaro Obregón / Tonalá,1
Fonda El Albur,1
Hotel Metropol,1
Kiosko legaria,1
Fruti Tortas,1
El Jaibol,1
Denisse,1
El Rincón Zapatista,1
Ecobici Colima / Jalapa,1
Fonda Fina,1
Hotel Milán,1
Kabuki,1
Fuente Cellini,1
El Jamil,1
Dental Clinic,1
FunParty,1
Ecobici Hamburgo / Génova,1
Forte,1
Hospital Veterinario de Medicina Preventiva,1
Kaffee Berlin,1
Fishers,1
El Laberinto,1
Corazón de Maguey,1
FromLab,1
Ecobici Independencia / Marroquí,1
El Portón Azcapotzalco,1
Hospital San Angel Inn,1
Juegos Infantiles,1
FlowSuites WTC,1
El Molino,1
Corporativo Buró de Crédito,1
Fortunata,1
Ecobici Liverpool / Dinamarca,1
El Éxito,1
Frutería y Verdulería,1
Juegos y columpios,1
Guillermo Ma Mon Álvarez,1
Embajada de España - Oficina Económico y Comercial,1
Cuerpo de Juárez,1
Gin Gin,1
Ecobici Londres / Sevilla,1
El Fénix del Centro,1
Fuente Colorida,1
La Casa de los Marcos,1
Hackett,1
Embajada del Líbano,1
D' Europe,1
Giorgio's Pizzas,1
Ecobici Parque España / Sonora,1
El Jardín Interior,1
Fuente del Pegaso,1
La Botica,1
Hamburguesas Karla y Tere,1
EMIR CONDESA,1
Daniel Cosío Villegas,1
GNC Health Store,1
Creperie de la Paix,1
El Pajaro,1
Gaby's Air Bnb,1
Tianguis La Lagunilla Domingos,1
GoTan,1
El Roco,1
del Ahorro,1
Galería de Arte "Casa de las Bombas",1
D Talles para el Hogar,1
Elefante,1
Frenchie,1
The Cheesecake Factory,1
Greenway Restaurante,1
El sazón de toño,1
Fanny,1
Grupo Dental Alebrije,1
D' Tin Marin,1
Elkar Pollo,1
Fresh House Salads,1
Toboe Café,1
Holiday Inn Express México Aeropuerto,1
El Sótano de los Niños,1
Farmacia Uruapan,1
Hertz,1
da Fonda,1
El Rincón Gourmet,1
Gante,1
Tommy Hilfiger,1
Hospital Azura Centro,1
Escuela Primaria Mariano Abasolo Matutio,1
Fix Truper,1
Hidalgo,1
Consultorio veterinario,1
Erawan,1
George,1
Tortas La Española,1
Hestia Cafetería Brunch,1
Escuela Primaria Profesor Jesús Silva Herzog,1
Fonda 115,1
Hit & Run,1
Correos de México,1
Escuela De Manejo Angeles,1
Giornale,1
Trashcan,1
Haru Maki,1
Escuela Primaria Profesor Pedro Loredo Ortega,1
Ferretería Ruiz,1
Horus,1
Consultorio Medico Y Especialidades,1
Facultad de Química - Anexo E,1
Grela Cafe,1
Unidad de Medicina Familiar 120 Zaragoza,1
Hostel Home,1
Escuela mexicana del valle primaria y preescolae,1
Guardería Infantil 19,1
Hospital De Cos,1
Consultorio Dental Integral,1
Estetica D' Louis,1
Hospital Dermatológico Ladislao Pascua,1
Unidad de Medicina Familiar 14 Aeropuerto,1
Hostel Mundo Joven Catedral,1
Escuela Primaria Alberto Masferrer,1
Foro al Aire Libre,1
Hospital General Xoco,1
Consultorio Dental Japones,1
Estetica Sagitarios,1
Guzina Oaxaca,1
Unidad de Medicina Familiar 140 La Teja,1
Hotel Goya,1
Escuela Primaria Centenario de la Constitución del 57,1
Fray Servando Teresa de Mier,1
Hospital Pediátrico Iztacalco,1
Consultorio Dental Maria Luisa,1
Escuela Secundaria Diurna n°135 U.R.S.S,1
Helados Santa Clara,1
Unidad de Medicina Familiar 18 Contreras,1
Hotel María Rico,1
M&E Scissors,1
Galanga Thai House,1
Hotel Argos,1
Conalep Comercio y fomento industrial,1
Escuela Tomás Alva Edison Preparatoria,1
Juan Zuazua,1
Unidad Médica Coapa,1
Hotel San Alfonso,1
Liquor Store & Water,1
Gandhi Librería Mauricio Achar,1
Imss Villalonguin,1
Cendi Mirador Gdf,1
Escuela Osteopatia de Madrid - México,1
Julián Villagrán,1
Universidad de Londres, Plantel Luis Cabrera,1
Inlaquech,1
LA OVEJA NEGRA,1
Gong Cha,1
Inbusa,1
Centro cultural Bicentenario de Juaréz,1
Escuela Primaria Profesor Rafael Hernandez Lopez,1
Jardin De Niños Naciones Unidas,1
Veganismo Lonchería vegana,1
Instituto Lowell,1
La potra salina,1
El tesoro de Sonora,1
Inea,1
Centro Cultural Nelson Mandela,1
Escuela Primaria Ramon Morales,1
JB,1
Veguísimi Vegan Restaurant,1
Integracion Dental,1
La superación del hombre por medio de la cultura,1
Embajada de Chile,1
Instituto Mexicano de Psicología,1
Centro de Desarrollo Social Mixcoac,1
Escuela Primaria Vicente Guerrero Turno Matutino,1
Jimmy Boy,1
Ventana,1
Internacional De Calzado,1
Liga De Futbol Ex Hacienda,1
Estética Samanta,1
Instituto Simón Bolívar,1
Churreria El Moro,1
Escuela Secundaria 13 Enrique Olivares,1
ISAS - Instituto San Ángel del Sur,1
Venustiano Carranza,1
Jardin De Niños Federico Froebel,1
La yeya,1
Estudio MalaMia,1
Hotel Beverly,1
Cicatriz,1
Rodeo Xochimilco,1
La Esperanza Tlatelolco,1
Victoria Venustiano Carranza,1
JARDIN DE NIÑOS JULIAN CARRILLO,1
Las Alitas,1
Escuela primaria Coronel Nicolás Romero,1
Hotel Esla,1
Cheloc,1
Rooks & Rocks,1
La Creme,1
Villa San Jacinto,1
Jardin De Niños Tierra Unida 09djn1432t Jornada Ampliada,1
Lavado de Autos FF,1
Escuela Secundaria Diurna Itzjak Rabin Cct 09des0262s Tm,1
Hotel Hacienda Coyoacán,1
Chilpa,1
Rosario Castellanos,1
La Cupcakería,1
UTOPÍA Cihuacóatl,1
Jadín de Niños,1
Lavandería "Ara",1
Escuela Secundaria Técnica #84,1
Casa de Luna Gallery,1
Centro Juridico Universitario,1
Planeta Xpress,1
La Casita,1
Tacos El Caminero,1
Jardín de Niños Ave Real,1
Lavandería Duck's Clean,1
Emporio Reforma,1
Casa Melibea,1
Cocina "El Buen Sazón de Chabelita",1
Quintonil,1
Koku,1
Tacos Xotepingo,1
Kibo Sushi,1
Lavanderia Ecoclean,1
Epi,1
Casa Teotihuacana,1
Colegio Manuel Mejia Ruiz,1
Ramen, Noddles and More,1
Kaminari Tonkotsu Ramen,1
Takeria Alvaro O.,1
Kiin Thai-Viet Eatery,1
La Fe,1
Hospital General Regional 2 IMSS,1
Casquet,1
Clínica Veterinaria de Especialidades Inguarán,1
Recicla,1
Kinderwelt Ac,1
Super Tamales Susy,1
La Casa de los Tacos,1
La Hermosa Provincia,1
Hospital Vivo Ciudad Azteca,1
Carnitas chano,1
Clínica de Especialidades "Churubusco",1
Puesto de birria,1
La casa de Toño, servicio para llevar,1
Tamales Madre,1
La casa de todos,1
La increíble,1
Hospitales Tlalpan,1
Caramelo,1
Cine Río,1
Puesto de periodicos,1
Dope. Taller de bicicletas,1
Taquerías Brasil Copacabana,1
La Bike Shop,1
La Dominica,1
Holibarbers,1
Carnicería Nayelli,1
Escuela de educación preescolar público "Concepción Sierra de Lanz Duret",1
Puesto Enfrente Coyoacan,1
Drd3d Pedregal,1
Teatro San Millán,1
La Buena Chela,1
La Dulzaina,1
Holiday Inn Buenavista,1
CECATI 176 Iztapalapa,1
El Wero,1
Salon Mezquite,1
Ebasnista,1
Tecalli Las Armas,1
Lardo,1
Hotel Hipodromo,1
Harimgak,1
Cendi Gdf 37,1
Entrada #4 para Vivero Coyoacan,1
Salon Nivel 42,1
Ecobici #237 Andrés Bello - Elliot,1
Tercer Milenio,1
Las Girafas y la Mula,1
Hotel Novit,1
Herrajes Braile,1
Centro Cultural Capilla Británica,1
Entrevero,1
Rubí,1
Dental Art,1
The Barber's Spa,1
Las mejores carnitas del rumbo,1
Hotel Pensil,1
Instituto Nacional de Psiquiatría,1
Centro Cultural Telmex,1
El pescadito de Boturini,1
Restaurant Las Américas,1
Ecobici 409 Azores - División del Norte,1
The Beer Company La Viga,1
Las Quekas,1
Hop 4,1
Instituto De Oftalmologia,1
Centro De Estimulacion Baby Boo,1
El Jaibol Insurgentes,1
Santa Hoja,1
Ecobici Benjamín Hill / Tamaulipas,1
Servicios Integrales Veterinarios,1
Las Tortugss,1
Hospital de traumatología y ortopedia No 2 "villa coapa",1
Husman Bistro,1
Centro de la cultura y las artes José Emilio Pacheco,1
El Rincon Argentino,1
Sonia,1
Ecobici Minería / José Martí,1
Sesame,1
Las Yayas,1
Hospital Elizur,1
Hyundai Patriotismo,1
Café Palacio,1
El Scary Witches,1
Secundaria Nº31,1
Ecobici Nuevo León / Aguascalientes,1
Shake Shack,1
Lava-Lo,1
Hospital Pediatrico Azcapotzalco,1
Ignacio Ramírez,1
Café Pasión Polanco,1
El 7 Rojo,1
Shoma Hand Roll,1
Ecobici Reforma / General Prim,1
Shambala,1
La Paloma Azul,1
Humbertos,1
Ito's,1
Café Ruta de la Seda,1
Ecobici Sócrates / Ejército Nacional,1
Tacos Victoria,1
Ecobici Liverpool / Génova,1
Sistemas Integrales en Computacion,1
La Parrillita,1
gorras,1
Izzzleep Hotel,1
Butcher and Sons,1
Ecobici Reforma / Varsovia,1
Taller Gastronómico Nativo,1
Ecobici López / Ayuntamiento,1
Six Real de los Reyes,1
La Poblanita de Tacubaya Suc. Patriotismo,1
Información Meteorológica,1
Jardin de niños Papalotzin,1
Capilla de Talabarteros (desaparecida),1
Ecobici Revillagigedo / Juárez,1
Taller Xilotl,1
Ecobici Joaquín Garcia Icazbalceta / Ignacio Manuel Altamirano,1
Sartenazo,1
La Providencia,1
Instituto Nacional de Bellas Artes,1
Jota Eme,1
BTM Pedre Plaza,1
El Centenario,1
Tamales,1
Ecobici Sullivan / Av. Insurgentes,1
Mexkall,1
La reina de Montevideo,1
Instituto Rosner,1
Juan Pablo II,1
Buda Panaderia,1
El Califa Taqueria,1
Tamales El Pino,1
Ecocardiologia,1
Mezcalero,1
La Taza de los Sueños,1
José Joaquín Fernández de Lizardi,1
La Grand Ocasión,1
Café del Alba,1
El Grifo,1
Tamayo,1
Edgar&Chuy,1
Mi Mercado Isabel la Católica,1
Laboratorio Médico Chopo,1
José María Chávez,1
La Herradura,1
Café del Parque,1
El Grifo Mezcal y Cerveza Artesanal,1
Taqueria Don Eraki,1
Educal Biblioteca Vasconcelos,1
Mitsubishi,1
Ecobici Echeveste / Bolívar,1
Jugos,1
La Hostería de Santo Domingo,1
Café Galeno,1
FedEx Office,1
Taquería El Paisa,1
El,1
Nâm,1
Ecobici Gandhi / Reforma,1
Kimoda,1
La Montañesa,1
Atencion Dental Y Ortodoncia Para Niños,1
Farmacias de Similares,1
Taco House,1
El 123,1
obelisco,1
Ecobici Hamburgo / Insurgentes,1
La auténtica arrachera del Sifón,1
La No. 20 Polanco,1
Alexandr Pushkin,1
Flatter.MeHair,1
Strawberry Tours: Coyoacán,1
El Balcón del Zócalo,1
Ocelote,1
Ecobici Alfonso Reyes / Av. Nuevo León,1
La Catrina,1
La Oaxaqueña,1
Amart supermercado asiático,1
fons lavanderias,1
SuoerBara,1
El Bebian,1
PILARES SEPI,1
Ecobici Río Lerma / Villalongín,1
Jardin de niños Profr Alfonso Sierra Partida Tv,1
Kinder Mufani,1
Antojitos Yucatecos Ek Balam,1
Free Bicycle Rental,1
Súper Castillo,1
El Botanero,1
PILARES Tierra y Libertad,1
Ecobici Mazatlán / Juan de la Barrera,1
Jolel Volkswagen,1
Instituto Nursia Preescolar,1
Antonio's Hamburguesas,1
Esquites Don Josué,1
Taqueria Los gueros,1
El Kafta,1
PILARES Villa de Aragón,1
Ecobici Mutualismo / José Martí,1
Iusacell,1
Inter Möbel,1
Aranciatta,1
Estación de Policía Viaducto,1
Taquería los gueros,1
El Kaliche,1
Piloncillo y Cascabel,1
Ecobici Manzanillo / Tlaxcala,1
Ixe,1
La Cocina de Juanita,1
Abarrotes "Lupita",1
Estética Boston,1
Teatro Rafael Solana,1
El Kioskito,1
Pizzas Tomy,1
Ecobici #205 Taine - Homero,1
Alibaba,1
La Crayola,1
Abarrotes "Rodríguez",1
Estética Ysrael,1
Temictli,1
El lugar del mariachi,1
Pequeño apartamento,1
Du Chef,1
Alpaca Bakery and Creampuffs,1
La del Estribo,1
Abarrotes Lucy,1
Estudio 256,1
Terapias Alternativas,1
Ex Convento Cafe,1
Pescadito,1
Doríforo,1
Arts & Coffee Co,1
Los Jarritos,1
Abarrotes Zaly,1
Expendio,1
Texas de Brasil Kids Club,1
Fonda San Angel,1
Patisserie Dominique,1
Dosis Café,1
Abarrotes Yesjo,1
Los Luceros,1
Academia De Belleza Alis,1
Escuela Primaria Doctor Eduardo Liceaga Turno Vespertino 32-3001-334-22-x-019,1
Tienda de Abarrotes La Quimera,1
Farmacia París,1
Papelería "Junior",1
Cumbé Coffee Roasters,1
Abarrotes, vinos y licores San Antonio,1
Living Room Bar,1
Academia De Musica El Metronomo,1
Escuela Primaria Guadalupe Flores Alonso,1
Tintoreria y Planchado Chic,1
Farmacia Santa Fe,1
Panadería "Panquecito",1
Cordon Bleu,1
ABC,1
Los 3 poblanos,1
Albarradón de San Cristóbal,1
Expendio de pan,1
Tlapalería Jenny,1
Farmacias La Generosa,1
Óptica San Miguel,1
COYOTE specialty coffee&tea bar,1
Acriláminas,1
Los Callejeros,1
Barnabeu Tapas,1
Escuela Primaria Ruben Dario,1
Tlapalería La Fé,1
Embajada de Honduras,1
Neve Gelato,1
Desayunos,1
Adonay,1
Los Canallas,1
Bat's,1
Farmacia G y G,1
Tlapaleria y ferretería,1
Endora Cafeteria,1
Santocho,1
Dirty laundry,1
180° Shop,1
Los Dones,1
Belegui Oaxaca,1
Farmacia Multi Similares,1
Tomáš Garrigue Masaryk 1850-1937,1
Escuela Maestro Rafael Ramirez,1
Salamandra,1
Divino Cafe,1
7 Eleven,1
Los Equipales,1
Bellini,1
Giovanni's,1
Óptica Iris,1
Escuela Primaria Japón,1
Salud Dental Integral,1
Club Naval del Sur,1
Abarrotes "Carmelita",1
Los Gemelos,1
Avianca,1
Gloria,1
Ópticas Lux Torre Latino en el Centro Histórico,1
Escuela Primaria México Libre,1
Samy,1
CODIFARMA S.A. de C.V.,1
Abarrotes "Claveles",1
Lavalux,1
Birria del Pacífico,1
Fuente del Pescador,1
Nobu,1
Escuela Primaria Miguel Lerdo de Tejada,1
Rio 44,1
Colegio Pequeños Genios,1
Abarrotes "El Pariente",1
León XIII,1
Black Horse,1
Fuji,1
Nutrisa,1
Escuela Primaria Prof María Adelina Flores Morales,1
Resturante Vegetariano,1
Consultorio Dental Dra. Muro,1
Abarrotes El Sol,1
Lalo!,1
Biblioteca Fray Bartolomé de las Casas,1
Gallardo,1
Odette Cuisine,1
Escuela Secundaria Diurna Puerto De Alvarado,1
Rahmania Restaurante,1
Consultorio Dentista,1
Blanco Castelar,1
La Cerveceria,1
Bike On,1
GPS,1
Nasser,1
Escuela Secundaria Técnica No. 2 Corregidora de Querétaro,1
Plomeria, Gas y Electricidad,1
Consultorio Medico Jesus Guadalupe Lugo Cid,1
Bodega de Los Malazzo,1
Milo's,1
Belmondo,1
Grupo Zorro Abarrotero Cuajimalpa Zcj,1
María Gertrudis Bocanegra Lazo Mendoza,1
El Portón (Churubusco),1
PILARES Casa Amarilla,1
Consultorio Medico Sin Nombre,1
Botanicus,1
Miscelánea "Yoselin",1
Banjercito,1
Hamburguesas Mike,1
Mitocafé,1
El Pueblito,1
Posada Greco,1
Chevrolet San Antonio,1
BAZAR COMERCIAL JUAN ESCUTIA,1
Miscelánea La Pilarica,1
Bansefi,1
Hotel Escala,1
MODO - Museo del Objeto del Objeto,1
El rábano de la 9,1
Postales de Café,1
Chiquito Cafe 2,1
Bertico Cafe,1
Moronas,1
D`Marz,1
Hotel Sevilla,1
MojiGato Café,1
El MORO Parque la mexicana,1
Raven Folks,1
Chokokoro - comida asiática,1
Biblioteca Memorial Javier Valdez,1
Motos Vento,1
Costa,1
Hey! Brew Bar,1
Monumento a la Pirotecnia,1
El Oasis,1
Real Clean,1
Chrysler San Rafael,1
BL Moda,1
Mr. Sushi Coyoacán,1
Contempo Suites,1
Hiyoko,1
Morelos,1
El Gusto Jarocho,1
reparación enmicadora,1
Centro Educativo Victoria,1
Aztec,1
Mercado Centenario,1
Corazón de México Cafe,1
Hotel Reforma,1
Morgana,1
El Sarape,1
Próspero María Alarcón y Sánchez de la Barquera,1
Centro De Rehabilitacion Bucal Y Estetica,1
CASA MX alameda,1
Mexico City Hostel,1
Distribuidora Ferremacro,1
Información,1
moto alta vista,1
El Sazoncito,1
Publications International Ltd,1
Centro de Salud Oasis,1
Carvision,1
Mi Mercado Lagunilla Ropa y Tela,1
Doña Ofe,1
IPhone Compiter,1
Mrs Grupo Medico,1
El Sótano Bar,1
Echenique Automotriz,1
Cinemex Clavería,1
Brown caffeine lab,1
Mi Tienda,1
Ecobici Chilpancingo / Tlaxcala,1
Italinnis Universidad,1
Museo Británico Americano,1
Cinépolis Plaza Tlatelolco,1
Ecobici República de Cuba / Allende,1
Cinemex Parque Lindavista,1
Bufete China King,1
Mikado,1
Ecobici Río Nilo / Río Pánuco,1
Jardin De Niños Nayeli Nenetli,1
Museo de Artes Gráficas,1
Cirugia Ortopedia Y De Pelvis,1
Ecobici General Francisco Murguía / José Martí,1
Cinemex Reforma Casa de Arte,1
Café de Tacuba,1
María Victoria,1
Ecobici Quintana Roo / Villahermosa,1
Jardín de niños Nonatzin,1
Museo del jamón México,1
City Market,1
El Duende Juegos de Mesa,1
Cinemex San Antonio,1
Café la Gloria,1
marmota,1
El Excélsior,1
Jardin De Niños Primaria Y Secundaria Arnold Gesell,1
Mikasa Ramen,1
Citybanamex,1
El aviario,1
Cinépolis Puerta Tlatelolco,1
Café Pacífico,1
Martin Luther King Jr.,1
Ecobici Zacatecas / Luis Cabrera,1
La Alcantarilla,1
Miscelanea,1
Clinic Dental,1
Editorial Limusa,1
City Express by Marriott Ciudad de México Alameda,1
Café Puebla,1
Max,1
Cocoa Coyoacán II,1
Kinder. Japon.,1
Miscelánea Capricornio,1
Clínica de Asistencia Social José López Portillo,1
Clínica Dr. Casaubon,1
Cleobas,1
Café Regina,1
Maxi Donas,1
Clinica Tierra Unida Primer Contacto,1
katsubo,1
Miscelánea Jolye,1
Cinepolis,1
Clinica Dental,1
Aquamax,1
Cafe Río,1
Maximo,1
City Bakery,1
Karen,1
Mangata Moon,1
Centro Educativo Jose De Tapia Bujalance,1
City Café,1
Adidas Originals,1
Cafecito Tun Tun,1
Máximo Bistrot Local,1
Comida económica "Rossy",1
Justo Sierra Preparatoria,1
Madereria Pastores,1
Clínica La Viga,1
Compra Y Venta De Papel Y Desperdicios Materiales,1
ADOPTANDO UN CORAZON CANINO,1
Caldos de gallina José María,1
Lunch Garden,1
Consultorio,1
Jardín de Niños Ejidos de Culhuacán,1
Panadería La Esperanza,1
Clínica médica.,1
Cinépolis Diana,1
Aura- Comida Vegana,1
Campobaja,1
Louises Chef,1
Cinépolis Fórum Buenavista,1
Jekemir,1
ostioneria 64,1
Cervecería Polanquito,1
Cinépolis Portal San Ángel,1
Autolavado Ramírez,1
Cancino Roma,1
Malportaco,1
Cinemex Reforma 222,1
Jengibre,1
Peace & Love Health Food,1
Cfntal Norte,1
Chefspeare,1
Artesanías,1
Cantina Karisma,1
mangos,1
Chico Julio,1
Jorge Negrete,1
Pericentro,1
Charly´s Pizza,1
Churros Oli,1
Asado Campestre Charly,1
Capsule Hostel,1
Chequeos,1
Centro Oftalmológico Roma,1
La Canija,1
Papelería "Chivis",1
Chili´s,1
cerveceria la curva,1
Academia Y Estetica De Estilismo Adagio,1
Cardōn,1
Chiruedongaria,1
Cerveza en Punto,1
La Celestina,1
Parrilla Santa Ana,1
Churrería El Tlacuache,1
CETiS 52 Hermenegildo Galeana,1
Acoxpa 27,1
Carlotta,1
Cebichería Agua & Sal,1
Partners and Brothers,1
la città café & bar,1
Centro educativo Lewin Kurt,1
CELE La Raza,1
Párvati,1
480º Pizza Lounge,1
Centro Psicoterapeutico,1
Cinemex Coapa,1
Pastelería San Sebastián,1
La Cleta,1
Cervecería de Barrio,1
Cinemex Galerías,1
Porco Rosso,1
Abarrotes "Hernández",1
Chattin,1
Cinemex Park Plaza,1
Pozolería "Flor de Maíz",1
La Diana Cazadora,1
Centro Cultural Carreterra 45,1
Deportivo Guayacanes,1
Prego,1
Abarrotes "Jorgito",1
Chevrolet,1
Dermaclinic,1
Pollos a la leña "Ermita",1
La kikersteria - La casa del Ahuacatl,1
Casava Roots,1
Despacho médico,1
PILARES Ejército Constitucionalista,1
Abarrotes El Cambio,1
CECATI 001,1
Dewalt,1
PGJDF Fiscalia Desconcentrada en Benito Juarez,1
La Escondida,1
CECATI 74,1
Distribuidor Autorizado Pirma Local de Tenis,1
Pho King,1
Abarrotes El Laurel,1
Centro de estudios Libertad,1
Distribuidora de Carnes Reynoso,1
PILARES San Andrés Ahuayucan,1
La Fortaleza,1
Centro De Salud Ave Real,1
Distribuidora Parroquial de San Antonio,1
PILARES San Felipe de Jesús II,1
Abarrotes Laura,1
Centro De Salud Pedregal De San Nicolas Sur,1
D'LOUIS,1
PILARES Tablas de San Agustín,1
La Gloriosa,1
City Express,1
Don Chema,1
Trattoria La Tanna,1
Abarrotes Los Abuelitos,1
City Shops del Valle,1
Day Tredent,1
Un Krunch de Sabor,1
La hora del pan y café,1
Clinica Periferica De Odontologia Las Aguilas,1
Debarbas,1
Waldo's San Ángel,1
BB & BB,1
Chopo del Valle,1
Cuchillero's,1
Villa Nueva,1
La Huma,1
Clínica Veterinaria Amroth,1
Cucurucho,1
Yemanya,1
Ave María,1
Cigar and Wine Club,1
CWT,1
Zapata 7,1
La increíble libreria,1
Cine Marina,1
Creparis Club café Vergel,1
Cinemex Antara,1
Bandera,1
Cinemex Félix Cuevas,1
Consultorio ginecologico,1
Cinemex Insurgentes,1
Bang Bang Pizzas,1
Cinépolis Patio Santa Fe,1
Colegio Nueva Generación,1
Cinépolis Plaza Carso,1
Bonito Roma,1
Colegio Cuicatl Jardin De Niños,1
Comida x Kilo para llevar,1
CONALEP Aragón,1
Botanero del Valle,1
CONAMAT,1
Compra Venta De Desperdicios Industriales,1
Cool Laundry Lavandería y Tintorería,1
Benne,1
coopel,1
ConSentir,1
Dispensario Fransiscano Santa Isabel de Hungría,1
Benotto,1
Don Quintín Condesa,1
Baguettery,1
Dorothy Gaynor,1
Biblioteca Tec,1
Cuidado con el perro Tacuba,1
Baia Café,1
El Condimento,1
Bilioteca Sor Juana Ines de la Cruz,1
El Flechador del Cielo,1
Balcón del Zócalo,1
Ecobici República de Guatemala / Monte de Piedad,1
Cafetería Cardinal,1
Ecobici Palma Norte / República de Cuba,1
Banco FAMSA,1
Ecobici Progreso / Cda. Antonio Maceo,1
Cafetería Sebs,1
Ecobici #260 Av. Juárez - Balderas,1
Banco Inbursa,1
Ecobici Campeche / Tamaulipas,1
Cajero ATM Bitcoin Blink,1
Ecobici Coahuila / Manzanillo,1
Bar 18,1
Ecobici José María Vértiz / Av. Dr. Río de la Loza,1
Caldos Arellano,1
Barba Azul,1
California Pizza Kitchen,1
Barberia Ka22,1
Cam Centro De Atencion Medica,1
Argentalia,1
Café Brujas,1
Avanna,1
Café Garat,1
BC Sport,1
Café Gares,1
Bibilioteca IBBY,1
Bufette Chnggon,1
Birria Estilo Jalisco - Food Stand,1
Burritos México,1
Bisquests de Obregón,1
Caban,1
Alas de México,1
Cabrera 7,1
Alfer,1
Cenegenics Wellnes,1
Aluminio,1
Centenario 107,1
Amsterdam apartamento C,1
Centro Cultural Elena Garro,1
Antojería,1
Centro Cultural Universitario Tlatelolco,1
Antolina,1
Centro de Estudios Profesionales Renacimiento S. C.,1
Abarrotes Paty,1
Casa en la que la película Roma fue filmada,1
Abarrotes Yolis,1
Cantina Guadiana,1
Ahuizotl,1
Cantina La Mascota,1
a,1
Capelli Sani,1
Casa Gilardi, Luis Barragán 1976,1
Capotal Dental,1
Casa Prieto Lopez,1
Carajillo,1
Boicot Café (Coyoacán),1
Carnicería "La Gloria",1
Cdelaf,1
Casa Boker,1
Casa de Cultura Azcapotzalco,1
Cantina Casa Balbina,1
Cantina El Tio Pepe,1
Bodega Aurrerá,1
B41 Boulangerie,1
Black Code,1
Botellón,1
British Squash Club,1
BTM Portal San Ángel,1
Burrito Express,1
Café el Emir,1
Café Nin,1
Cafe Toscano,1
Café Toscano,1
Cafetería Calle Qatro,1
